191844
204304
175561
198025
155236
154449
157609
209764
203401
224676
194481
174724
188356
184900
156025
152881
161604
162409
171396
174724
153664
166464
152881
128881
148996
144400
152100
155236
152881
174724
142129
119716
107584
70225
75625
74529
82369
108241
100489
84681
85264
84100
88804
73984
83521
123201
137641
142884
126736
131044
124609
101761
108241
108241
112896
113569
125316
129600
145924
131769
164836
148996
140625
121801
124609
115600
118336
127449
142884
150544
731025
804609
585225
480249
519841
514089
504100
498436
429025
404496
374544
369664
329476
301401
324900
298116
309136
295936
280900
260100
237169
192721
180625
175561
186624
185761
180625
173056
175561
139876
129600
109561
88209
81225
85264
83521
84681
91809
108241
121801
106276
103041
109561
106276
114921
249001
260100
166464
152100
164836
152100
161604
150544
150544
173889
184900
183184
188356
173889
156025
124609
124609
774400
2582449
1979649
1648656
1710864
1582564
1567504
1382976
1430416
1299600
1254400
1201216
1159929
954529
988036
902500
872356
765625
720801
693889
628849
620944
597529
546121
466489
425104
378225
337561
331776
332929
363609
357604
354025
351649
306916
227529
218089
166464
128164
111556
122500
106929
96721
111556
102400
112896
99856
87616
94249
101124
87616
84100
85264
87616
119025
89401
82369
92416
93636
123201
126025
137641
143641
133956
139876
95481
96100
103684
91809
110889
118336
121801
133956
144400
126736
114921
114921
108241
105625
112225
146689
145161
151321
135424
152881
152100
167281
131769
155236
142129
158404
136900
131769
102400
150544
136900
136900
157609
136900
143641
159201
165649
109561
90601
70756
75076
69696
73441
72361
77284
106276
105625
111556
130321
128164
124609
117649
179776
154449
160000
168921
129600
125316
110889
119716
117649
91204
136900
133956
148996
112896
132496
180625
192721
161604
152881
198025
198916
190096
184900
133956
121801
133956
115600
97344
100489
99856
100489
106929
103041
81225
82944
77841
84681
91204
96100
69169
79524
82944
89401
99856
128881
154449
131769
143641
123904
128881
126025
153664
198916
202500
200704
188356
177241
163216
162409
180625
197136
195364
183184
211600
196249
207936
193600
174724
157609
204304
616225
308025
318096
304704
262144
301401
249001
205209
179776
146689
156816
148225
160000
129600
138384
141376
142884
152881
136161
168100
215296
229441
202500
223729
185761
214369
219024
210681
179776
173056
149769
146689
134689
152100
153664
160000
145161
132496
147456
159201
150544
142884
113569
168100
221841
175561
216225
202500
183184
178929
166464
164836
175561
178929
189225
183184
171396
179776
155236
168921
1630729
2096704
1503076
1331716
1311025
1234321
1188100
1136356
1058841
980100
802816
820836
670761
652864
600625
565504
595984
570025
547600
514089
474721
452929
421201
399424
409600
372100
380689
306916
295936
298116
276676
334084
299209
276676
286225
263169
238144
230400
232324
224676
217156
207936
206116
185761
155236
156025
126736
133225
114921
96100
102400
88804
91204
91809
101761
85264
87616
80656
75625
88209
88209
93636
95481
113569
114244
108900
94864
94249
117649
118336
135424
119025
124609
134689
134689
108241
94864
119716
112225
125316
124609
118336
140625
147456
131044
159201
167281
158404
149769
116964
126025
123201
114244
94249
108241
118336
113569
134689
123904
139876
121104
134689
120409
96100
80089
94249
97344
95481
118336
114921
130321
133956
118336
127449
94249
110224
99225
102400
120409
106276
133225
112896
128164
114244
115600
105625
114244
118336
117649
90601
116964
119716
127449
127449
137641
113569
103684
82369
87616
93636
85849
121104
118336
132496
125316
137641
145924
160801
140625
100489
119716
143641
138384
130321
151321
140625
111556
90601
81225
96100
121801
118336
119716
124609
111556
90601
68644
69696
73441
82369
72900
101124
90000
89401
93025
90000
97969
107584
113569
131044
114921
133225
147456
153664
186624
147456
168921
589824
318096
547600
280900
313600
303601
314721
346921
360000
356409
313600
277729
260100
250000
271441
301401
292681
274576
284089
257049
280900
223729
238144
202500
216225
202500
178929
181476
151321
156816
173056
178929
175561
158404
154449
117649
128164
123201
116964
124609
142129
150544
163216
128164
119716
100489
67081
112896
57600
64516
63001
77841
82944
87616
87616
77841
84100
102400
121801
133956
155236
131769
204304
2502724
2079364
1926544
1768900
1658944
1517824
1418481
1153476
1048576
893025
902500
817216
748225
682276
633616
588289
494209
481636
467856
413449
401956
378225
398161
383161
372100
386884
361201
395641
350464
297025
297025
247009
251001
265225
271441
265225
292681
291600
266256
225625
196249
202500
174724
192721
179776
177241
186624
166464
178929
164836
155236
146689
155236
131769
142129
136900
129600
141376
150544
161604
160000
178929
141376
145161
91204
116964
103684
97344
97344
88209
85264
75076
90601
113569
122500
126025
124609
97344
114244
103684
97344
131769
120409
103684
114244
94864
101761
115600
119716
119716
130321
115600
138384
152881
148225
162409
103041
128164
134689
114921
141376
161604
185761
234256
190969
213444
206116
217156
217156
214369
256036
292681
241081
226576
243049
254016
238144
261121
192721
209764
200704
178084
168100
136900
157609
160000
163216
163216
181476
165649
144400
139876
162409
162409
160801
158404
153664
121801
166464
155236
145924
101124
106276
113569
103041
101761
109561
119716
122500
123904
128881
92416
108241
101761
127449
157609
158404
157609
148996
160000
125316
130321
117649
84681
94249
93636
102400
110889
113569
130321
112225
119025
111556
136161
138384
151321
140625
128881
169744
156025
157609
173889
194481
216225
206116
685584
1115136
806404
677329
568516
512656
470596
451584
474721
431649
368449
291600
285156
249001
229441
213444
189225
171396
155236
143641
122500
105625
129600
105625
116281
108241
134689
124609
126736
100489
97969
94864
95481
97344
79524
77284
77841
88209
84100
88804
97344
103041
131769
138384
120409
218089
133956
168921
151321
148996
146689
122500
147456
141376
164836
177241
177241
174724
174724
152881
158404
1350244
2217121
1440000
1648656
1352569
1225449
1196836
944784
835396
743044
685584
627264
546121
592900
527076
458329
413449
336400
314721
265225
274576
250000
219961
227529
215296
222784
241081
211600
217156
173889
173056
178084
190096
215296
200704
179776
168100
158404
180625
140625
149769
159201
168100
156025
165649
156025
157609
164025
176400
176400
207936
191844
176400
145161
120409
138384
125316
144400
156816
190096
201601
194481
173056
168921
159201
155236
173056
162409
179776
164836
167281
164025
149769
155236
164025
156025
145924
142884
169744
156816
145161
126736
110889
98596
106929
116281
128164
134689
133225
145924
145924
144400
129600
111556
123201
117649
101124
115600
106929
127449
123201
123904
121104
108900
113569
109561
88209
75076
82944
87025
90000
94864
84100
90000
76176
88804
132496
127449
158404
143641
172225
139876
143641
156816
152881
200704
190096
176400
231361
211600
192721
189225
234256
240100
228484
229441
185761
151321
120409
114244
134689
153664
145924
186624
183184
156025
188356
156816
152100
135424
121104
160000
165649
183184
172225
193600
193600
178929
161604
128881
153664
156025
126025
131044
118336
97969
108241
98596
106276
97344
101124
95481
108900
110889
96100
84100
83521
81225
88804
87025
101761
123904
130321
128881
135424
122500
132496
509796
708964
562500
289444
372100
311364
281961
290521
276676
243049
217156
228484
196249
172225
132496
108241
101124
101124
91809
105625
105625
100489
106929
114921
118336
122500
126025
143641
133225
114244
120409
116964
138384
139129
135424
125316
136161
164836
175561
204304
195364
172225
157609
142884
148996
254016
272484
240100
179776
216225
193600
180625
151321
135424
136161
133225
116964
121104
125316
113569
110224
110224
93636
2859481
2350089
2122849
1814409
1909924
1633284
1437601
1459264
1157776
1048576
1024144
910116
864900
781456
788544
667489
595984
595984
512656
398161
380689
355216
358801
268324
275625
267289
205209
197136
211600
192721
178929
188356
151321
157609
150544
128164
190969
172225
167281
127449
108900
89401
111556
123201
127449
134689
141376
150544
149769
130321
123904
124609
109561
121104
136900
122500
131769
146689
152100
169744
162409
199809
194481
185761
178084
178929
189225
191844
203401
213444
234256
213444
198916
168921
146689
142884
89401
112896
110889
120409
121104
123201
104329
93025
98596
87616
92416
94249
110224
109561
96721
80089
79524
88804
80089
92416
89401
131044
145161
152100
149769
152100
128881
145161
152100
145924
138384
131044
140625
125316
142884
136161
178084
165649
139129
134689
143641
101124
129600
152100
150544
116964
121104
135424
149769
177241
188356
173889
173889
174724
161604
132496
123201
119025
148996
178084
171396
196249
206116
191844
191844
184041
144400
159201
175561
174724
169744
177241
148996
154449
148225
158404
161604
190096
196249
192721
198916
157609
131769
112225
110889
101124
137641
152881
224676
241081
217156
221841
177241
175561
179776
184041
208849
186624
199809
164025
178084
165649
167281
158404
153664
162409
173889
178084
176400
232324
544644
1020100
555025
398161
385641
418609
404496
435600
419904
374544
303601
299209
294849
260100
267289
246016
303601
279841
262144
238144
207025
202500
210681
189225
213444
190096
189225
131044
136161
126025
158404
149769
160801
136161
135424
126025
122500
123201
110889
90000
101124
87616
91204
156816
128881
162409
120409
105625
99225
115600
105625
91809
80089
69696
81225
90000
87616
88804
83521
75625
1079521
2265025
2102500
1814409
1790244
1485961
1565001
1350244
1196836
1179396
1151329
1040400
929296
853776
804609
719104
656100
595984
552049
430336
427716
341056
346921
278784
300304
303601
294849
289444
247009
234256
214369
173056
123904
108241
94249
128881
108241
121801
110224
112896
91204
117649
96721
89401
89401
114921
94864
102400
103684
124609
134689
133225
114921
128881
118336
136900
148996
171396
177241
175561
167281
163216
178929
160801
141376
139876
133956
148225
156025
154449
154449
146689
140625
133225
135424
128881
121801
102400
110224
113569
114921
119716
109561
109561
101124
108900
98596
97969
79524
68644
77284
96100
121801
103684
101761
96721
88209
97344
90601
107584
101761
97344
88804
106276
99225
110889
102400
125316
142129
135424
148996
148996
138384
141376
128164
76176
95481
71824
67600
85849
82944
110889
125316
112896
94249
87025
85264
83521
72900
106929
97969
78400
70756
104329
96100
108900
116964
136900
127449
136161
154449
166464
166464
134689
153664
160000
155236
161604
153664
154449
181476
193600
180625
178929
163216
152881
128164
98596
92416
129600
146689
142884
140625
125316
126736
124609
121801
175561
156816
145161
151321
147456
148996
149769
154449
177241
184900
168100
168100
156816
149769
119025
123201
99225
94249
117649
107584
106276
662596
582169
351649
361201
383161
297025
271441
254016
254016
283024
309136
295936
276676
276676
256036
236196
251001
252004
257049
259081
198025
173889
165649
146689
146689
145924
156025
168100
170569
178084
160801
151321
154449
103684
97969
93025
91204
124609
109561
131044
121801
126025
120409
131044
108241
187489
157609
136900
106276
107584
102400
87616
85849
97344
125316
139876
145161
160000
136161
131769
110889
97344
902500
2637376
2076481
1768900
1836025
1814409
1646089
1587600
1476225
1371241
1201216
1138489
1096209
978121
972196
810000
850084
769129
749956
695556
633616
613089
558009
504100
478864
447561
407044
352836
302500
343396
304704
291600
243049
219024
212521
174724
128881
114244
124609
127449
112896
107584
100489
100489
107584
105625
106929
110889
96100
116281
110224
102400
121801
105625
85849
93636
88804
92416
117649
129600
147456
142884
160000
143641
112896
109561
110224
128164
113569
113569
124609
137641
156025
131769
124609
126736
128164
120409
111556
126025
119716
119716
118336
112225
103041
101761
100489
108241
107584
110224
100489
99856
97969
92416
94249
84681
78400
96721
99856
111556
108900
119025
109561
112896
98596
117649
138384
141376
139876
133225
128164
134689
133225
158404
166464
164025
170569
193600
185761
177241
148996
135424
139876
132496
130321
140625
145161
148225
160801
167281
174724
165649
151321
141376
145161
135424
182329
180625
172225
161604
178929
140625
153664
142129
209764
158404
160000
137641
130321
150544
148225
156025
151321
170569
155236
145924
131769
112225
102400
114244
109561
123904
129600
148996
138384
164836
187489
192721
178929
183184
161604
167281
156816
156025
139876
122500
117649
131044
138384
147456
168100
143641
143641
128881
139129
133225
229441
652864
313600
280900
218089
182329
151321
121104
135424
190096
155236
167281
155236
156816
145161
152100
137641
131769
135424
138384
128881
133956
137641
145924
140625
142129
140625
148996
138384
137641
127449
142129
156025
186624
160801
158404
162409
116964
120409
110889
125316
109561
128164
123201
179776
280900
181476
193600
164836
149769
161604
145924
176400
146689
152100
136900
145924
145161
145161
167281
141376
1656369
2220100
1792921
1648656
1510441
1401856
1304164
1168561
1012036
1004004
964324
982081
864900
769129
743044
703921
692224
582169
555025
501264
421201
430336
400689
352836
378225
394384
368449
344569
337561
311364
283024
252004
231361
175561
208849
193600
199809
196249
164025
141376
106276
94249
80089
82944
74529
80656
80089
82369
91204
94249
74529
72361
71289
65025
73441
75625
78400
80089
71824
77841
86436
79524
92416
81225
76729
84681
108900
112225
125316
108900
99225
106929
88804
79524
70756
84681
112896
168921
164836
175561
165649
170569
166464
169744
115600
156816
167281
138384
140625
126736
148996
154449
155236
137641
139129
143641
142884
125316
118336
121104
123904
126736
118336
148225
140625
144400
121104
146689
133956
108241
110224
106929
90000
113569
116964
78400
93025
116281
118336
110224
106929
116964
100489
112225
123904
98596
108241
111556
92416
142884
150544
156816
144400
156816
138384
123904
137641
173889
165649
148996
112225
127449
146689
162409
174724
208849
194481
194481
194481
168100
164025
184900
178929
199809
207936
213444
200704
202500
184041
185761
165649
154449
140625
166464
123201
110224
87616
67600
77284
84681
94249
99856
117649
116964
101761
106276
88209
81796
73984
74529
80656
81796
120409
113569
115600
112896
100489
429025
559504
552049
337561
369664
352836
345744
303601
290521
276676
273529
271441
253009
270400
292681
324900
232324
278784
258064
237169
238144
227529
208849
205209
208849
247009
257049
206116
197136
187489
178084
176400
188356
179776
168921
158404
158404
168921
169744
155236
147456
134689
148996
135424
123904
118336
94249
113569
67600
78400
86436
99856
109561
122500
113569
107584
88209
68644
87616
95481
95481
94249
110889
2238016
2059225
1798281
1585081
1582564
1357225
1234321
1218816
1179396
1032256
976144
908209
767376
652864
549081
541696
549081
553536
541696
532900
477481
409600
390625
357604
302500
342225
312481
354025
362404
335241
335241
297025
300304
286225
266256
271441
261121
268324
215296
248004
219961
229441
224676
234256
224676
178084
154449
142129
128164
125316
133956
137641
160000
128881
133956
116281
119025
110889
118336
94249
100489
103684
96721
114921
116281
108241
116964
119025
139129
137641
168921
160801
155236
134689
123201
103684
121801
122500
133225
143641
171396
174724
194481
164836
167281
144400
139876
111556
99856
128881
124609
128881
108900
119716
119025
130321
123201
120409
123201
128164
122500
128164
128164
150544
139876
111556
98596
124609
131769
145161
158404
166464
140625
126025
103041
91809
103684
118336
103041
124609
167281
192721
159201
150544
168921
141376
128164
185761
189225
193600
157609
143641
156025
159201
214369
253009
272484
273529
241081
220900
215296
199809
168100
192721
201601
216225
207936
227529
194481
169744
144400
95481
94864
108241
128881
132496
117649
121801
128164
115600
115600
110889
114921
116281
114244
112225
88209
75625
74529
66564
72361
74529
91809
149769
151321
154449
135424
131044
108900
97969
114921
114921
100489
107584
100489
249001
976144
583696
571536
488601
416025
421201
368449
339889
275625
289444
240100
230400
230400
195364
184900
156025
139129
135424
127449
106276
94249
87025
95481
81225
81796
76176
80656
85264
97344
114244
128164
119025
144400
124609
135424
136161
135424
136900
126025
143641
152881
139129
151321
138384
230400
145161
196249
145161
132496
145161
114921
111556
135424
144400
160801
160801
166464
138384
146689
118336
1375929
2271049
2024929
1653796
1483524
1304164
1223236
1032256
919681
881721
756900
708964
591361
543169
522729
465124
465124
390625
389376
342225
298116
302500
276676
290521
292681
335241
316969
274576
259081
261121
231361
228484
226576
280900
314721
272484
273529
267289
301401
261121
247009
241081
229441
219961
213444
186624
204304
198025
194481
185761
195364
161604
198916
166464
139129
136161
102400
121104
139129
161604
164025
161604
175561
178084
148996
131769
134689
121104
122500
126025
117649
146689
143641
135424
134689
116964
133225
108900
126025
129600
115600
123904
98596
131769
101124
91809
98596
94249
101761
121104
136900
146689
175561
188356
171396
148225
124609
130321
129600
121801
194481
143641
191844
175561
184900
143641
135424
126736
127449
114921
114921
108241
106929
88804
99225
145924
148225
152881
127449
126025
112896
115600
77284
120409
106276
110224
116281
112896
126736
133956
115600
102400
144400
114244
103041
94864
93025
101124
89401
101124
88804
76176
69169
75076
81225
114244
97344
89401
77841
73984
70756
86436
87025
92416
90601
86436
85264
97969
94249
105625
163216
163216
164025
156025
133956
131044
117649
123201
113569
119716
148996
145161
158404
151321
142884
106929
106929
95481
110889
101124
97969
108900
110889
68121
174724
149769
162409
414736
502681
547600
430336
310249
354025
335241
302500
294849
234256
226576
111556
123201
84100
105625
101761
97344
106929
110889
88804
97344
90601
94249
104329
109561
111556
118336
135424
136161
145924
172225
153664
128164
129600
118336
119025
131044
147456
160801
182329
186624
187489
183184
166464
139129
213444
198916
193600
124609
148225
138384
117649
114921
103684
101124
87025
75625
75625
68121
69696
75625
79524
74529
1833316
2755600
2196324
2027776
1882384
1653796
1406596
1385329
1218816
1069156
1065024
917764
840889
813604
760384
619369
494209
422500
384400
379456
344569
308025
311364
262144
218089
239121
217156
227529
225625
197136
213444
173889
219961
214369
245025
227529
219961
200704
178929
158404
158404
133956
129600
156816
155236
172225
163216
157609
169744
144400
154449
133225
144400
149769
158404
148225
148225
125316
116964
108241
112896
108241
125316
131044
126025
97344
106276
124609
97344
126736
133956
148225
140625
133225
150544
140625
148225
133225
129600
112896
125316
113569
131769
146689
125316
137641
113569
115600
105625
102400
103041
128881
119716
117649
148225
131769
160801
139129
145161
148996
142884
148225
147456
142129
123904
103684
103684
85849
90000
99225
117649
139129
141376
156025
120409
134689
125316
114921
111556
94864
116281
157609
152881
192721
171396
203401
173056
173889
191844
253009
217156
191844
187489
178929
157609
148225
142884
147456
148996
166464
146689
133225
129600
116964
116281
107584
120409
98596
134689
126736
106276
108900
92416
97969
106929
126736
97344
109561
105625
103684
121801
108241
110224
110889
142884
154449
160801
160000
156025
155236
152881
138384
131769
94249
89401
113569
112896
147456
136161
113569
136900
130321
116281
116964
102400
118336
506944
1014049
638401
556516
565504
514089
448900
458329
398161
456976
465124
409600
354025
338724
314721
272484
270400
279841
265225
239121
217156
211600
184900
168100
128164
130321
144400
152881
171396
173889
175561
150544
126736
110889
100489
74529
82944
76176
86436
93025
101761
99225
96100
160801
91204
120409
95481
101124
73441
78400
71289
68121
76729
61504
61009
71289
79524
76729
89401
97344
219961
2016400
2082249
1630729
1612900
1473796
1406596
1267876
1162084
1104601
974169
872356
732736
708964
622521
512656
485809
442225
379456
322624
311364
292681
250000
245025
215296
223729
171396
136900
160000
130321
145924
147456
139876
123201
91809
106276
79524
83521
103684
89401
75625
108241
97344
114244
101124
119716
110889
115600
114244
109561
133956
145924
147456
161604
171396
148996
145161
126736
134689
121104
143641
139129
162409
169744
177241
173889
181476
154449
164025
190096
195364
188356
178929
172225
175561
166464
168100
170569
173056
152100
152100
123904
132496
129600
121104
114921
110224
117649
140625
145924
141376
197136
178084
185761
135424
124609
123201
116281
119716
90601
99856
101124
87025
90000
84681
75076
72361
83521
99225
116964
103684
115600
88804
94249
103684
109561
118336
119716
126736
154449
139129
150544
73984
122500
92416
93025
105625
126736
131044
158404
166464
140625
128164
116964
117649
123904
128881
128164
127449
113569
121801
87616
90000
88209
114921
131044
116281
106929
103684
110889
101761
90000
137641
137641
143641
163216
150544
148996
130321
135424
140625
128881
110889
97344
90601
82944
106929
112225
120409
100489
85849
75076
80089
78961
82369
84681
78961
76176
76729
71824
76176
80656
92416
82369
77284
82369
77841
102400
715716
715716
678976
488601
484416
450241
462400
436921
426409
434281
375769
337561
303601
318096
256036
255025
260100
244036
229441
229441
223729
191844
172225
162409
139876
162409
140625
132496
131044
133225
134689
128881
122500
139129
156025
145161
169744
182329
168100
167281
148996
145161
126025
129600
125316
254016
268324
198916
179776
189225
167281
201601
179776
198916
150544
148996
156816
156816
160801
157609
175561
163216
968256
3069504
2226064
2322576
1993744
1893376
1737124
1679616
1485961
1373584
1350244
1263376
1132096
1127844
1102500
937024
844561
749956
597529
616225
535824
497025
454276
427716
427716
335241
321489
291600
232324
220900
230400
212521
198025
181476
188356
152881
124609
133225
131769
132496
121104
94249
80656
89401
83521
92416
81225
90601
91809
72900
84681
91204
102400
123201
128881
143641
141376
160801
149769
138384
132496
108900
131769
122500
133225
136161
158404
170569
171396
152100
167281
174724
168921
164836
167281
161604
147456
131044
154449
167281
184900
169744
156025
159201
151321
140625
124609
127449
110889
116964
139129
151321
152881
150544
155236
145161
137641
156025
113569
128881
151321
136900
140625
116281
110889
77284
94249
88804
95481
93025
105625
114244
113569
114244
97969
70225
75076
78400
93025
112225
128164
160000
138384
146689
191844
164836
166464
199809
177241
156025
205209
192721
184041
194481
161604
199809
164025
157609
162409
154449
139876
110224
108900
93025
100489
93636
90601
84100
67081
130321
128881
147456
160000
139876
120409
108241
110889
141376
150544
155236
149769
163216
170569
166464
148996
162409
149769
164025
158404
145161
163216
135424
168100
162409
134689
156025
156816
157609
165649
179776
139129
148996
131044
121801
109561
102400
227529
644809
322624
322624
259081
255025
260100
273529
314721
330625
354025
308025
298116
280900
252004
266256
221841
241081
214369
223729
227529
247009
257049
248004
187489
145161
139129
126736
142884
147456
168921
169744
190969
194481
180625
160801
131044
119025
119716
77841
120409
129600
133225
133956
183184
275625
191844
237169
195364
188356
169744
145924
150544
142129
128881
135424
123201
121104
137641
139129
152100
1915456
2193361
1700416
1595169
1483524
1437601
1216609
1140624
1127844
1089936
1030225
923521
950625
844561
770884
729316
651249
591361
571536
414736
456976
391876
388129
391876
332929
338724
363609
286225
293764
268324
207936
188356
150544
125316
141376
136900
131044
140625
114921
110889
93636
94864
101761
116964
136161
136900
128881
135424
149769
179776
159201
178929
173889
181476
177241
190969
188356
178084
163216
176400
113569
126736
101761
102400
114244
119716
115600
140625
134689
133225
123904
114244
94249
80656
88209
85264
105625
117649
90000
96100
89401
87025
94249
95481
85849
86436
109561
110889
133956
121801
148225
138384
138384
154449
166464
153664
165649
153664
113569
112225
95481
88209
75076
82944
84681
87025
85849
90601
85264
114244
97344
105625
102400
103684
105625
99856
123201
123201
136161
155236
159201
150544
151321
150544
136161
148225
157609
167281
136161
154449
124609
99225
101124
121104
145161
160801
145924
147456
170569
159201
161604
171396
168100
177241
192721
174724
171396
192721
154449
148996
150544
122500
151321
140625
151321
124609
121104
93636
91204
76729
89401
82369
93025
111556
116281
177241
173889
171396
160000
139129
134689
131044
132496
128164
113569
139876
140625
155236
131044
126736
171396
173889
144400
133956
123904
131044
116964
349281
474721
455625
190969
267289
247009
310249
291600
285156
240100
229441
210681
190096
196249
246016
253009
298116
311364
311364
298116
269361
275625
264196
252004
261121
230400
234256
215296
220900
239121
223729
229441
230400
191844
175561
171396
136900
131044
140625
145161
157609
172225
181476
164025
170569
126736
95481
126025
67081
85264
76729
71824
81796
70756
82944
72900
87616
96721
97344
102400
90000
109561
84681
2702736
2196324
2117025
1729225
1677025
1483524
1366561
1192464
1181569
1172889
1092025
1052676
972196
910116
828100
731025
660969
667489
582169
597529
534361
478864
459684
399424
388129
388129
378225
329476
262144
220900
219024
219024
207936
247009
226576
238144
223729
207936
193600
168921
169744
150544
130321
131769
142884
146689
131769
122500
117649
116281
101761
88209
80089
74529
60025
70225
65536
70225
77841
78400
57121
78400
85264
80089
100489
88209
90000
97344
87025
75076
82944
65536
66564
88209
106929
103684
127449
116281
112896
87616
114244
128164
126736
147456
131769
129600
145924
143641
136900
142884
141376
133225
132496
111556
110224
125316
121801
116964
99856
112896
103041
105625
148225
140625
147456
101124
88804
84100
68121
76729
99225
117649
106929
131044
122500
133956
131044
106276
85849
91809
76176
89401
86436
99225
94864
131769
111556
134689
132496
124609
126025
134689
174724
195364
187489
176400
145161
151321
141376
163216
180625
198025
228484
198916
194481
168921
157609
147456
123201
116964
131769
152881
152881
140625
133956
114921
106276
87025
96721
94864
98596
94249
92416
93636
136900
145161
145924
139129
156025
156816
200704
184900
168100
160000
139876
127449
110889
121104
105625
119716
105625
118336
133956
122500
125316
136900
374544
755161
403225
369664
332929
318096
241081
237169
162409
126025
119716
109561
106276
100489
117649
114244
127449
118336
114921
108241
100489
85849
109561
108241
108241
147456
137641
142884
142884
133956
140625
133956
122500
139129
152100
200704
209764
225625
198025
180625
180625
178084
185761
164025
237169
270400
231361
184900
179776
165649
157609
166464
156025
152881
161604
154449
136900
140625
137641
136900
1304164
2125764
1833316
1416100
1313316
1136356
1044484
968256
976144
840889
872356
763876
597529
522729
502681
499849
447561
495616
444889
404496
390625
369664
379456
398161
346921
384400
338724
358801
349281
335241
351649
342225
336400
366025
327184
281961
250000
185761
215296
203401
216225
212521
200704
184900
193600
123201
126025
122500
105625
110889
123904
137641
191844
161604
143641
134689
139876
129600
131769
109561
123201
113569
136161
127449
116281
118336
124609
120409
150544
161604
176400
176400
179776
163216
163216
119716
113569
122500
122500
118336
136161
144400
140625
133225
124609
114921
114244
108900
92416
117649
138384
145161
156025
156025
154449
146689
145161
119716
99225
112225
112896
87616
99856
112225
76729
109561
96721
118336
123904
119716
119716
116281
113569
82369
76729
88209
87025
99225
86436
77841
97969
111556
112896
129600
131044
128164
110224
145924
161604
148996
157609
158404
182329
157609
166464
137641
140625
130321
145161
131044
128881
123201
164836
142884
140625
120409
139129
143641
170569
164836
179776
171396
171396
155236
136161
134689
139876
133225
106929
136161
126025
137641
142129
139876
133956
147456
140625
150544
156816
152100
140625
137641
140625
154449
145924
165649
179776
173889
172225
151321
126025
111556
94864
90000
110889
114244
128164
165649
552049
606841
476100
310249
318096
285156
293764
227529
190096
195364
169744
168100
136900
145924
174724
173889
167281
150544
144400
153664
166464
184900
184900
173056
176400
173889
171396
190096
166464
178929
186624
185761
160000
141376
134689
112225
124609
177241
169744
190969
190096
175561
170569
164025
263169
257049
198025
171396
139876
132496
113569
119716
97969
103684
91809
95481
105625
98596
73441
64009
72361
68121
864900
2592100
2022084
1763584
1684804
1610361
1385329
1216609
1183744
1014049
937024
931225
822649
714025
600625
546121
478864
450241
381924
355216
343396
304704
327184
257049
270400
225625
237169
229441
202500
184041
181476
190969
231361
233289
232324
199809
193600
177241
173056
145161
154449
154449
180625
198916
177241
203401
179776
156025
159201
126025
139129
167281
148225
145161
139129
133225
156816
163216
154449
160000
130321
126736
118336
112896
93636
84100
76729
82944
85264
112225
133956
138384
151321
145161
152100
134689
131769
121104
130321
115600
136161
149769
156025
135424
133956
132496
139876
145924
162409
146689
152100
141376
128164
113569
111556
114244
148996
156025
142884
142129
140625
144400
164025
164836
152100
128164
162409
157609
189225
174724
136900
136900
126025
96100
103041
100489
96721
75625
94249
69696
78961
69169
77284
76176
80656
129600
114244
138384
159201
147456
136161
102400
96100
68644
91809
106929
121801
127449
129600
136161
186624
192721
177241
140625
153664
145924
151321
173056
167281
164025
147456
136900
133225
148225
148225
123904
113569
111556
92416
75625
80089
83521
126736
142129
155236
136900
152100
151321
119025
121801
131044
122500
121104
130321
148225
159201
160801
173889
168921
157609
175561
139129
126025
125316
139876
143641
401956
1024144
553536
558009
491401
516961
474721
432964
401956
335241
299209
275625
257049
232324
191844
196249
218089
195364
167281
154449
124609
112225
67600
69169
67600
78400
82369
79524
68121
70225
94249
102400
110224
114244
118336
121801
119025
113569
128881
116281
121104
107584
88804
131769
87616
122500
96721
113569
110889
137641
142129
131769
155236
130321
103684
118336
119025
165649
171396
164836
265225
1817104
2310400
1750329
1692601
1572516
1430416
1423249
1267876
1087849
956484
887364
806404
682276
677329
595984
462400
490000
381924
361201
369664
304704
314721
241081
227529
193600
164025
191844
176400
202500
195364
168100
173056
130321
133956
133956
139129
171396
184900
173889
180625
204304
180625
193600
179776
140625
139876
119716
145161
131769
135424
159201
173056
164836
167281
177241
174724
160801
128164
119025
117649
133225
176400
151321
164836
148225
131044
133225
140625
130321
135424
139129
121801
119025
135424
152100
152881
146689
129600
147456
163216
158404
161604
119716
117649
106929
76729
101124
136161
139876
126025
115600
108900
107584
112225
105625
99225
94864
119025
106276
116964
129600
103684
115600
134689
97344
119716
114244
119716
124609
139129
119716
133225
124609
103684
136900
105625
142129
147456
148996
152881
140625
142884
98596
115600
91204
118336
147456
168921
181476
175561
194481
146689
154449
162409
119716
112225
117649
123904
111556
142884
136900
109561
96100
100489
100489
126025
122500
116281
113569
127449
95481
81225
98596
96721
96100
99225
94864
103041
117649
123904
128164
131044
119025
101761
90000
61009
70756
78961
86436
87616
92416
120409
113569
107584
133225
87616
88804
96721
88209
90000
94864
108241
101124
115600
123904
136900
135424
519841
331776
605284
327184
348100
327184
289444
306916
238144
189225
188356
137641
142129
138384
99225
106276
97344
99225
91809
90601
97969
96721
129600
143641
131769
158404
166464
184041
168100
176400
182329
171396
155236
139876
166464
181476
199809
198916
189225
176400
178929
145924
135424
126025
116964
253009
149769
260100
242064
221841
185761
173889
151321
133225
158404
145924
152100
124609
125316
99856
115600
116281
188356
2842596
2088025
2208196
1965604
1865956
1742400
1545049
1331716
1261129
1157776
1104601
1092025
1140624
998001
891136
819025
674041
646416
522729
473344
451584
429025
448900
362404
304704
279841
211600
198025
180625
173889
174724
147456
126736
160000
171396
145924
138384
136900
119716
111556
63504
88804
90601
92416
114244
123904
126736
112225
90601
94249
111556
124609
116281
119025
138384
178084
190096
170569
157609
162409
178929
164025
169744
176400
167281
141376
123201
113569
117649
106929
122500
124609
124609
112896
138384
106929
97969
106929
103684
114921
131044
114244
133225
121801
122500
96100
75076
80089
96100
79524
92416
103684
108900
126736
94864
88804
109561
94249
93636
110889
108900
166464
151321
136900
150544
130321
134689
148996
169744
194481
220900
160000
156816
156816
115600
118336
175561
168921
183184
184900
196249
139129
114921
132496
103684
112896
112225
108900
108241
120409
126736
96721
134689
119025
116964
91809
86436
88209
87025
87025
109561
108900
101761
91204
87616
96100
110889
156025
126025
115600
103041
96100
76176
81796
82944
111556
129600
119716
141376
139876
154449
157609
131044
108241
90601
88209
91809
98596
106276
113569
152100
141376
148996
145924
149769
142884
132496
153664
144400
160801
139876
137641
119025
99856
121801
329476
937024
556516
571536
555025
547600
481636
409600
379456
319225
309136
303601
322624
342225
327184
281961
286225
265225
229441
215296
211600
207025
266256
244036
235225
231361
211600
233289
202500
218089
253009
190969
188356
152881
156025
133225
131769
123904
141376
124609
125316
112225
113569
112225
115600
190096
108900
101761
82944
90000
92416
76176
87616
92416
77841
84681
103041
88804
98596
121801
121801
1580049
2464900
1734489
1879641
1723969
1550025
1532644
1394761
1350244
1338649
1267876
1192464
1000000
1014049
894916
765625
729316
707281
700569
586756
588289
505521
455625
422500
306916
336400
313600
284089
285156
264196
256036
244036
214369
186624
201601
193600
166464
152100
115600
103684
96721
94249
97969
97344
91809
75625
91809
106929
123201
133225
124609
102400
112896
94249
114921
97969
119025
115600
147456
129600
133225
126025
128164
127449
120409
131044
127449
118336
116964
86436
93025
91204
108241
110889
128164
131044
123904
108241
106276
125316
111556
82369
102400
105625
111556
133225
138384
160000
141376
152100
101761
115600
103041
126025
135424
129600
116281
122500
130321
124609
132496
137641
111556
114921
138384
163216
106929
125316
126736
114921
126025
132496
160801
168100
158404
170569
145161
148225
122500
138384
98596
116964
120409
105625
121104
110889
114244
126736
106276
132496
150544
162409
116964
101761
95481
138384
139129
158404
198916
201601
200704
229441
190096
202500
173889
187489
154449
161604
134689
148225
119716
128164
126736
118336
117649
126025
135424
123201
105625
113569
103684
86436
91809
73984
75076
118336
127449
131769
131769
136161
114921
112225
142884
128881
130321
114244
129600
130321
98596
108900
118336
125316
136161
138384
133225
127449
99856
476100
692224
680625
352836
431649
335241
349281
349281
401956
386884
391876
351649
315844
274576
260100
318096
281961
316969
321489
330625
293764
289444
254016
190969
182329
155236
168100
170569
160801
131044
124609
148225
137641
130321
120409
105625
100489
89401
98596
83521
90000
65536
64516
70225
82944
181476
220900
235225
160801
205209
168100
136161
142884
131769
127449
148996
164025
166464
164836
176400
178929
174724
152100
2414916
2044900
1926544
1687401
1658944
1648656
1500625
1265625
1199025
1147041
1100401
1077444
1028196
915849
906304
797449
743044
662596
591361
574564
494209
529984
546121
484416
458329
434281
401956
373321
380689
374544
361201
348100
297025
329476
292681
285156
267289
271441
262144
241081
244036
186624
174724
147456
144400
139129
148996
168100
177241
181476
150544
121801
108241
98596
90601
87616
85849
87025
85849
82369
70756
54289
70225
74529
88804
84100
85264
98596
106929
117649
99225
102400
85264
86436
98596
121801
121801
129600
156025
124609
136161
126025
120409
110889
97344
96100
90000
122500
157609
182329
146689
145161
130321
147456
139129
145161
79524
87025
77284
81796
77841
79524
72900
105625
106276
110224
131044
125316
142884
133225
139876
91204
90000
101124
114921
116964
118336
122500
119025
105625
105625
112225
114921
121104
116281
110889
112896
107584
110889
88209
112225
138384
152100
169744
162409
168921
133956
126025
114921
110224
111556
103684
83521
84681
87025
97969
111556
115600
142884
157609
133225
133956
143641
138384
122500
129600
155236
157609
163216
163216
178929
174724
173056
176400
192721
198025
164836
167281
123904
131044
136900
190969
217156
224676
218089
219961
176400
182329
176400
209764
195364
182329
194481
180625
182329
178084
293764
606841
331776
258064
241081
201601
183184
185761
215296
213444
183184
169744
156816
138384
148225
128164
130321
142884
155236
172225
148996
169744
141376
124609
169744
185761
190096
198025
184041
181476
180625
187489
205209
219024
176400
180625
176400
164025
166464
157609
147456
167281
159201
142129
205209
316969
185761
145161
124609
110889
114921
128164
140625
148996
166464
145161
144400
151321
161604
148225
1134225
2223081
2042041
1540081
1285956
1366561
1329409
1125721
1119364
962361
898704
846400
831744
810000
774400
722500
613089
648025
537289
467856
462400
477481
465124
514089
488601
474721
407044
416025
372100
335241
361201
354025
324900
349281
351649
320356
314721
298116
277729
289444
242064
229441
232324
207025
178929
139129
133225
129600
137641
126025
116964
117649
129600
94249
81796
57121
57600
75076
76729
76176
73984
103684
99856
119716
110224
122500
110889
120409
110224
119025
120409
112896
121801
108900
115600
107584
110224
97969
105625
108241
125316
128881
116964
93636
101761
88804
77841
92416
85849
107584
108900
103684
106929
87616
88804
82944
82944
99856
101761
146689
152881
145924
136161
115600
114244
126736
121104
101761
94249
87616
83521
78400
78400
90601
70756
72900
77841
84100
91809
73441
76729
116964
112225
97344
79524
84100
67081
75076
73984
87616
86436
85264
86436
78400
65536
60025
74529
73984
85264
90601
102400
82369
85264
80089
84681
83521
91204
93636
90601
104329
116281
115600
114244
92416
75625
82944
93636
117649
126736
135424
119025
107584
107584
86436
85264
84681
110224
123904
118336
144400
150544
133225
130321
127449
172225
150544
155236
119025
128164
117649
123201
160000
171396
167281
170569
160801
121104
117649
756900
606841
465124
410881
431649
401956
380689
326041
334084
327184
314721
290521
269361
256036
229441
243049
265225
279841
228484
213444
221841
175561
188356
178929
147456
133956
126025
138384
133956
139129
150544
165649
125316
126025
106929
86436
86436
70756
77284
101124
106276
116964
136161
120409
116964
128881
133956
113569
87616
80089
70756
73984
71289
73441
70756
68644
63001
64009
87616
80089
86436
78961
876096
2592100
1934881
2044900
1822500
1658944
1575025
1420864
1263376
1295044
1162084
1046529
1024144
898704
797449
667489
702244
592900
480249
518400
452929
440896
425104
350464
360000
323761
354025
293764
249001
243049
205209
185761
199809
171396
189225
197136
180625
200704
165649
135424
129600
116964
98596
122500
109561
106929
97969
90601
86436
80089
92416
70756
84100
76729
76176
102400
110889
108241
96721
99225
95481
80656
73441
65536
82944
87025
78961
80656
79524
81796
75076
90601
81225
69696
71289
81796
80656
74529
80089
75076
81796
91204
88804
66049
87025
77284
79524
69169
68644
71289
76729
84100
88804
107584
120409
129600
113569
112896
68121
74529
70756
69696
72361
67081
76176
103684
107584
68644
77841
92416
81796
93636
94864
114921
122500
124609
118336
106929
118336
76176
117649
121104
119025
127449
127449
116964
109561
108241
97344
99225
89401
79524
93025
93636
85849
121801
125316
108241
128881
125316
123201
117649
133225
153664
142884
136900
145161
133956
96721
98596
130321
148996
138384
148996
136900
151321
117649
111556
133956
109561
118336
103684
127449
133956
120409
129600
119025
94864
85264
80656
85849
88209
100489
121801
122500
132496
110889
116964
100489
95481
113569
114244
119025
110889
103684
95481
318096
762129
354025
306916
304704
308025
287296
309136
266256
255025
190969
175561
160801
151321
133225
123904
123904
160000
149769
133956
151321
123904
124609
137641
123201
119025
99856
103041
105625
107584
112896
101124
103041
89401
93636
80656
85264
81225
78400
66049
67081
72361
80656
85849
123904
178929
116281
154449
93636
93636
100489
102400
126025
119716
132496
143641
127449
133225
116281
125316
150544
1800964
2073600
1602756
1512900
1361889
1207801
1056784
1024144
968256
877969
806404
788544
749956
670761
624100
476100
413449
339889
334084
335241
324900
309136
280900
290521
301401
267289
320356
271441
226576
223729
190969
187489
178084
194481
176400
166464
183184
180625
152881
123904
107584
96100
99225
100489
107584
105625
97344
126736
105625
94864
98596
98596
102400
96721
97969
114244
125316
99225
111556
116964
123201
112896
96100
112225
97969
82944
76176
65025
62500
73984
84681
75625
88209
76729
71289
76729
73984
61009
68121
82944
85264
93025
84681
94864
80089
81796
87616
83521
81225
66049
79524
78961
90000
101124
69696
76729
94249
112225
141376
136161
185761
132496
164025
122500
100489
98596
90601
105625
123904
131044
131769
138384
117649
100489
93636
110224
116964
91809
107584
85264
75625
80656
112225
124609
108900
98596
87616
81225
80089
78400
120409
154449
145161
106929
105625
77841
73441
90000
69696
76176
77284
87025
86436
83521
81225
98596
117649
88209
99225
90601
114244
117649
100489
119025
92416
86436
101124
131044
131769
135424
149769
144400
136900
127449
103041
98596
113569
120409
125316
108241
125316
105625
99225
90601
90000
119025
122500
116281
108900
122500
143641
134689
136900
168100
127449
108241
111556
544644
672400
729316
404496
462400
380689
361201
342225
253009
248004
239121
210681
164025
164836
148996
151321
169744
148996
141376
81225
77284
63001
63504
68121
73984
90601
91204
92416
117649
96721
92416
85264
94864
103684
103041
106276
100489
86436
85849
73441
83521
89401
97344
89401
97344
219024
196249
213444
135424
142884
129600
126025
99856
108900
114921
111556
113569
94864
88209
90000
96100
78961
75625
2439844
2307361
1979649
1768900
1752976
1507984
1485961
1340964
1272384
1127844
1157776
1024144
960400
910116
831744
743044
632025
613089
553536
461041
448900
427716
413449
418609
368449
388129
306916
266256
271441
249001
261121
271441
263169
263169
216225
251001
203401
159201
164836
139876
142884
141376
127449
103684
116964
107584
121104
126025
103041
110889
109561
77284
66049
77284
103041
97344
99225
99856
91809
93025
69169
68644
77841
78961
86436
79524
75076
89401
81796
77841
71289
75625
86436
84100
81796
81796
81225
70225
68121
97969
84100
92416
96100
114244
88209
85849
64516
99225
81225
91204
97344
123904
106276
101761
86436
84100
92416
93636
103684
95481
99225
82369
70225
75076
81225
86436
85849
136161
134689
114244
120409
93025
100489
109561
131044
136161
115600
120409
87616
84681
68644
84100
96100
80089
101761
97344
96721
106276
94249
76729
88804
89401
86436
83521
82369
91809
95481
118336
121801
110889
93636
108900
87025
80089
87616
106929
111556
90000
108900
120409
101124
103041
118336
99856
82369
77841
80656
84100
96721
107584
129600
131044
117649
108900
101761
72900
80089
95481
72361
76176
78961
75076
72900
69696
66564
103041
85849
75625
78961
72361
76176
76729
70756
58081
63001
202500
407044
826281
528529
429025
376996
355216
314721
281961
292681
283024
321489
261121
256036
238144
195364
180625
175561
158404
185761
223729
232324
205209
192721
176400
162409
181476
137641
157609
120409
115600
114921
119716
126025
133956
124609
123201
117649
112225
89401
75625
82369
102400
123904
93636
225625
184900
178929
122500
111556
119716
102400
91809
103041
88209
98596
92416
113569
101761
102400
87616
1567504
2050624
2076481
1630729
1638400
1423249
1317904
1151329
1125721
1056784
894916
808201
734449
643204
556516
529984
495616
504100
469225
463761
440896
372100
330625
305809
272484
289444
287296
245025
247009
251001
238144
236196
206116
245025
207025
183184
176400
149769
158404
146689
143641
155236
133956
134689
119025
95481
82369
67081
63001
93636
121104
123201
109561
116281
108241
103684
88209
85264
103684
119025
137641
116964
121801
108241
109561
97969
79524
86436
79524
71824
78400
73984
70225
65025
68121
83521
81796
81796
72361
68121
82369
96100
97344
88804
109561
108241
95481
81796
77284
85849
86436
93025
88804
87616
77841
77841
93636
109561
112896
96100
105625
103684
96100
99225
101761
97344
109561
108241
106276
104329
156816
152881
143641
133225
127449
116281
121104
73984
98596
103041
108241
102400
73984
73441
70225
107584
102400
121801
127449
115600
121104
110224
87025
84681
76729
93636
106276
91809
96100
101124
95481
99225
109561
81225
87616
82944
78400
90601
96100
116281
112225
137641
107584
124609
113569
115600
100489
122500
138384
147456
136900
146689
126736
100489
108900
83521
101761
96721
103684
92416
128881
103684
112225
107584
101761
126025
110889
96721
69696
77284
70756
72900
96721
108900
95481
123904
114244
96100
685584
409600
729316
491401
529984
458329
459684
451584
355216
331776
303601
271441
278784
246016
253009
248004
241081
214369
213444
207936
161604
147456
141376
122500
140625
128881
136900
155236
136900
123904
116964
91204
87025
84681
98596
106929
117649
112225
116964
107584
112896
101761
101124
114244
115600
198916
174724
199809
155236
150544
118336
113569
92416
90000
75076
81796
93636
96721
123904
133225
133956
125316
2521744
2259009
2093809
1912689
1633284
1625625
1440000
1331716
1192464
1125721
1056784
848241
859329
776161
741321
703921
636804
586756
547600
501264
438244
390625
388129
355216
374544
368449
306916
300304
250000
201601
212521
217156
233289
268324
256036
252004
211600
220900
190969
186624
153664
137641
146689
151321
152881
140625
133225
116281
133225
102400
93025
88804
78400
71824
81225
100489
118336
121801
128164
116964
90000
92416
82369
83521
100489
91204
102400
106276
106929
101761
99225
94249
73984
75076
68644
85264
84100
96721
84681
98596
95481
97344
92416
110224
111556
106276
134689
125316
135424
110889
81796
69696
71289
72361
101124
114921
126736
126736
108900
99856
97969
114244
128164
111556
114921
109561
125316
106276
106276
135424
125316
124609
123201
133956
111556
109561
84100
109561
134689
116964
152881
135424
120409
137641
76176
77284
69696
89401
85849
100489
108241
102400
117649
90601
74529
68121
67081
65025
71824
82369
76729
78961
70756
77841
73441
80089
95481
118336
126025
128164
106276
98596
73984
65536
106929
111556
133956
121801
110889
109561
85264
96721
94864
88209
107584
108241
114921
117649
115600
93025
76729
89401
87025
87616
81225
79524
87616
128881
97969
103684
70225
73984
62001
61504
89401
76729
459684
986049
591361
473344
452929
399424
351649
281961
252004
220900
242064
210681
216225
178084
213444
186624
194481
178929
183184
173889
143641
134689
98596
95481
94249
98596
102400
105625
112225
98596
94249
82369
77841
67081
75076
83521
97344
99856
102400
85849
80089
88804
72361
116964
106276
167281
143641
91204
86436
93025
92416
112896
110889
98596
91809
94864
84100
75625
72900
80089
168100
2119936
2102500
1557504
1557504
1416100
1361889
1194649
1258884
1087849
1022121
855625
783225
765625
624100
685584
595984
532900
516961
473344
474721
435600
367236
339889
302500
289444
289444
273529
276676
252004
256036
244036
220900
204304
164836
190096
145161
147456
156816
128164
135424
125316
110889
114921
113569
101124
94249
103041
106929
96100
84681
94864
116281
94249
106276
96721
110224
91204
76729
81225
104329
94249
110224
123904
122500
116281
97969
88804
64009
69696
82944
78400
89401
83521
80656
86436
79524
78961
81796
87025
85264
83521
90000
99856
127449
131769
121801
132496
86436
105625
89401
72361
62001
81225
96721
96100
76176
94864
99225
101761
112225
117649
108241
108900
110889
93636
84100
70756
72361
74529
87616
81796
83521
80656
76729
80089
84100
95481
103041
106929
110224
83521
87025
78400
92416
96721
86436
102400
83521
78400
97344
101124
81796
84100
94864
100489
98596
90601
83521
85264
66564
81796
69696
103041
101761
106929
88209
106929
81796
70225
78961
94249
75625
66564
67600
74529
80656
77284
119716
121801
129600
117649
126025
117649
121801
97969
70225
74529
73441
85849
78400
73441
67600
76176
68644
70225
82944
90601
88209
93636
94864
125316
96100
114244
93025
73984
80656
80089
606841
788544
700569
410881
407044
330625
349281
344569
310249
281961
229441
244036
212521
212521
241081
224676
190096
177241
161604
131769
128164
116964
125316
133225
123201
131769
72900
99856
89401
88804
73441
72361
77841
74529
84100
73441
76729
77284
84681
93636
91809
96721
96721
93636
76176
190969
190096
164025
103041
95481
75076
68644
87616
92416
103041
93025
96721
100489
82944
91809
89401
103041
946729
2702736
2016400
2114116
1776889
1605289
1406596
1490841
1270129
1136356
1127844
1014049
904401
708964
792100
710649
669124
660969
649636
580644
529984
432964
375769
322624
332929
328329
350464
339889
277729
281961
239121
237169
232324
212521
195364
195364
191844
206116
190096
198916
196249
184900
198025
160801
173056
142884
89401
100489
116964
122500
118336
102400
91204
87616
74529
62001
80656
69696
73441
78400
101761
92416
90601
88209
85849
68644
83521
78961
91204
87616
70225
84681
86436
101124
101761
99856
117649
108900
106276
99225
81225
89401
94249
118336
108241
106276
101124
101761
94249
86436
82944
83521
81796
76176
73441
70756
70756
113569
97344
92416
112225
102400
108900
96100
96100
93025
98596
111556
101124
107584
101124
108900
128881
100489
81796
90000
93636
114921
133956
137641
123904
90601
105625
80089
74529
88804
90000
78400
78400
82369
79524
90601
77841
93636
117649
126736
127449
136900
116281
113569
88209
94864
115600
130321
126736
126736
115600
88209
96100
68644
94864
108241
108241
99225
88209
81796
66564
93636
97969
78400
71824
75076
73441
89401
73984
100489
94864
95481
96100
72900
97969
83521
96721
90601
88804
66049
77841
75076
70756
94864
116964
115600
120409
136161
126736
112225
389376
910116
532900
499849
427716
390625
425104
369664
369664
330625
286225
286225
264196
235225
207936
178929
207025
198916
159201
160000
149769
154449
155236
146689
101124
80089
75076
91809
89401
101124
117649
103684
92416
100489
85264
69696
87616
92416
103041
120409
100489
105625
77284
77841
101124
171396
112896
134689
110889
113569
101124
100489
103684
93636
94864
91204
94249
120409
123201
108900
185761
1697809
2268036
1726596
1577536
1373584
1331716
1162084
1094116
929296
844561
844561
786769
703921
719104
619369
531441
473344
429025
370881
341056
301401
313600
263169
229441
263169
218089
242064
199809
191844
188356
160801
148996
148225
137641
136161
131769
148225
147456
133225
153664
106929
97969
97969
89401
96721
103041
94249
97969
82369
79524
80089
87616
87616
76176
82369
78961
84681
89401
90000
118336
119025
114244
114244
106276
80089
73984
83521
85264
108900
97344
90000
82369
91809
70225
75625
88804
95481
82944
78961
80656
76729
76176
68121
70225
81796
71289
85264
82944
76176
81225
71289
92416
80089
82369
69169
84681
76176
87616
105625
96100
117649
121801
118336
114921
77841
78961
75625
96100
87025
77841
88804
66049
72900
70225
112225
113569
152100
139876
149769
112896
119716
108900
109561
101124
94249
130321
133956
128881
116281
131769
98596
83521
82944
78961
97969
91204
111556
100489
116281
108241
112225
97344
89401
99856
121801
120409
125316
106929
100489
109561
117649
120409
67600
99225
81796
80656
85264
93636
99225
97969
85849
88804
71824
76729
76729
79524
88209
116281
85849
81796
76729
94864
86436
82944
86436
101761
75076
75625
80656
75625
90601
122500
122500
124609
112896
108900
96100
490000
614656
627264
335241
391876
343396
299209
289444
214369
226576
193600
189225
185761
191844
164836
184041
167281
193600
212521
169744
190969
177241
155236
146689
161604
153664
181476
196249
176400
145924
122500
112225
106929
114244
99856
111556
112896
119716
123904
107584
96100
89401
81225
88804
75076
146689
208849
147456
123201
156025
127449
103684
86436
90000
77284
63504
73441
87025
97969
106276
100489
112225
80089
2544025
2244004
1932100
1595169
1745041
1442401
1347921
1183744
1102500
1040400
1006009
935089
853776
813604
685584
678976
594441
583696
514089
407044
418609
372100
364816
364816
352836
376996
309136
263169
225625
219024
177241
182329
187489
198025
195364
202500
166464
158404
162409
114921
115600
109561
114244
129600
112225
113569
119716
108241
116964
136161
121801
96721
91809
72900
93025
116281
103041
125316
102400
102400
103684
90000
66564
69169
69169
77841
91204
87025
100489
85264
76729
71824
71824
77284
68121
75076
76176
64009
64009
71824
74529
98596
89401
99856
99225
92416
107584
101761
91204
81225
78961
87616
93636
71289
86436
97969
105625
121801
131044
100489
95481
85264
82944
112225
111556
126025
123904
97969
119716
101761
99856
93636
120409
71289
85264
82944
84100
93636
70756
75625
108241
114244
106276
78961
90000
92416
103041
114244
93025
79524
75625
77841
67081
70756
73984
102400
114921
133225
133225
147456
125316
89401
87025
82944
73441
74529
73984
69696
63504
70756
69696
110224
85264
101761
87025
77841
72361
68121
101124
101761
110889
93636
103684
108900
93636
92416
103041
75076
69169
105625
98596
96100
97344
127449
126025
133225
112896
90601
96721
90601
91809
149769
157609
143641
134689
144400
549081
708964
414736
315844
323761
305809
285156
271441
237169
231361
254016
228484
221841
227529
203401
222784
225625
190096
148225
113569
97969
105625
139129
148996
146689
158404
160801
153664
160000
128164
129600
112896
130321
124609
114244
109561
114244
101124
108241
121801
100489
82944
83521
114244
138384
139876
131769
101124
109561
118336
113569
127449
100489
81796
72900
66049
72361
89401
81796
106276
1399489
2042041
1965604
1615441
1607824
1481089
1324801
1240996
1162084
968256
817216
822649
705600
677329
616225
561001
459684
469225
412164
363609
339889
354025
331776
266256
218089
236196
235225
242064
239121
256036
244036
242064
184041
185761
154449
140625
146689
142884
148996
142884
144400
128164
121801
114921
114921
92416
103041
96100
109561
115600
77284
122500
137641
121801
116964
103041
100489
76176
61009
82944
90000
88209
95481
108241
93025
102400
82369
91204
73984
80089
90601
94249
114921
119025
127449
125316
117649
136900
136161
128164
123904
110889
116964
102400
112225
94864
102400
103684
127449
168921
159201
139129
150544
141376
129600
117649
127449
123201
151321
173889
169744
171396
143641
130321
134689
125316
131044
98596
114244
131769
115600
118336
100489
114244
88804
123201
77284
84681
85849
80089
101124
110889
103684
119025
122500
139876
173056
208849
201601
215296
207025
219961
169744
159201
148996
146689
159201
145161
168921
181476
167281
182329
174724
164025
164025
181476
138384
104329
112225
93636
96100
96100
117649
127449
126736
126736
131769
154449
156816
152881
171396
182329
191844
158404
180625
184041
178929
186624
168921
146689
145161
157609
164836
143641
160000
164025
142884
139876
148225
147456
158404
160801
168921
227529
243049
231361
205209
182329
881721
900601
802816
743044
722500
589824
565504
518400
463761
454276
372100
341056
295936
250000
272484
234256
185761
202500
202500
214369
199809
218089
179776
165649
113569
89401
88804
83521
78961
77841
80656
84681
97969
98596
103041
107584
109561
114921
116281
108241
116964
122500
123904
142884
268324
295936
286225
278784
263169
247009
222784
216225
184900
168100
166464
159201
154449
163216
164025
175561
164836
160000
910116
2621161
1965604
2007889
1863225
1560001
1577536
1490841
1292769
1243225
1188100
1054729
1048576
1000000
848241
779689
743044
633616
619369
595984
495616
403225
427716
386884
350464
374544
343396
336400
272484
230400
219024
210681
180625
189225
181476
214369
197136
159201
143641
114921
125316
119025
101761
96100
100489
107584
82944
81796
70225
79524
81225
82944
84681
112896
101124
132496
137641
130321
138384
142129
138384
134689
131044
121104
140625
177241
198916
192721
184041
191844
190969
175561
177241
161604
152100
144400
136161
160801
168921
150544
142884
142884
143641
145924
119025
112225
99225
103684
108900
108900
101124
108900
142884
148225
164025
201601
219961
207025
184041
157609
136161
138384
132496
134689
129600
148225
142884
209764
233289
188356
204304
183184
179776
174724
215296
178084
204304
188356
180625
210681
179776
207936
180625
175561
168100
142884
142129
147456
118336
155236
181476
182329
174724
173889
148225
134689
123201
130321
105625
93636
97344
95481
92416
103684
112896
113569
105625
91204
87616
96721
80089
76729
77284
85849
77284
109561
101761
99856
84681
76176
106929
112225
119716
133956
143641
144400
131044
133956
88804
98596
119025
139129
124609
136161
133956
124609
125316
106929
106929
111556
110889
116281
100489
108900
97344
102400
345744
896809
562500
549081
494209
498436
512656
452929
442225
422500
369664
398161
370881
383161
351649
364816
348100
342225
352836
234256
229441
206116
185761
196249
189225
179776
183184
181476
154449
152100
137641
116964
119716
115600
119716
97344
108241
83521
71824
87616
84681
93636
118336
128164
189225
188356
133225
119025
98596
82369
76176
90000
103684
100489
102400
109561
114921
104329
96721
93025
108241
1830609
2359296
1776889
1592644
1440000
1447209
1270129
1196836
1179396
1026169
942841
938961
883600
828100
793881
720801
632025
537289
568516
514089
451584
439569
452929
401956
396900
339889
295936
252004
258064
190969
250000
237169
234256
187489
224676
187489
173889
157609
134689
139129
103041
91809
86436
87616
80089
73984
78961
79524
123201
123904
152100
148225
145161
156816
150544
125316
123201
136161
121104
117649
112896
128164
152100
142129
136900
131044
123904
112225
133225
109561
106929
107584
121801
99856
106929
117649
106929
123201
109561
125316
136900
146689
133225
131769
117649
127449
110889
119716
142129
134689
126025
114244
119025
124609
147456
117649
110224
94864
104329
108900
123201
168100
168100
145924
153664
150544
129600
154449
124609
119716
110224
96100
102400
114244
116964
110224
96100
89401
97969
113569
117649
120409
98596
126025
142884
90601
119025
124609
122500
131044
142884
173889
134689
139876
139876
155236
145161
138384
148996
124609
133956
124609
133225
128881
152100
148996
156025
173056
149769
142129
139129
126736
133225
141376
126025
128881
145161
131769
126736
128881
128881
119025
106929
109561
109561
105625
123904
112896
110889
149769
142884
152881
151321
148225
148225
141376
142129
131769
116281
99225
110224
122500
136900
149769
126736
112225
118336
105625
512656
627264
470596
349281
287296
302500
264196
222784
172225
154449
127449
99225
85264
87025
77841
73984
57600
64009
68121
73441
101761
104329
107584
105625
122500
107584
109561
120409
101761
94249
112225
103041
108241
116964
125316
136161
142129
112896
103041
108241
88804
90601
96721
97969
184900
199809
186624
164025
139876
136161
111556
142884
131769
117649
106276
108900
92416
91809
101124
105625
126025
570025
2421136
1954404
1784896
1628176
1522756
1522756
1522756
1288225
1100401
1002001
1008016
915849
887364
866761
822649
777924
688900
685584
672400
600625
579121
565504
528529
504100
470596
447561
515524
506944
514089
478864
403225
399424
306916
293764
295936
270400
272484
258064
274576
287296
280900
227529
218089
205209
170569
178084
182329
190969
149769
147456
136900
121801
121801
123201
93025
101124
84681
78400
74529
76176
66049
69169
77284
71824
81796
95481
96721
112896
130321
124609
105625
98596
103684
116281
123201
128881
133225
134689
143641
138384
147456
142129
136900
142129
148996
136900
141376
126025
119025
103041
131044
132496
156816
178084
155236
157609
135424
137641
119025
116281
103041
121801
116964
123904
114921
119025
111556
140625
130321
135424
136161
140625
139129
133956
170569
137641
147456
116964
141376
168921
131044
185761
162409
182329
177241
145924
142129
131044
133225
137641
155236
187489
167281
159201
142129
140625
117649
112896
99225
73984
73984
69169
94864
90000
96100
145161
149769
145924
133225
140625
145161
148996
134689
126025
130321
121104
141376
142884
148996
157609
135424
135424
110224
102400
81796
84681
87025
91809
85264
68644
78400
95481
121801
118336
135424
164836
162409
164025
153664
146689
147456
127449
153664
152100
184041
470596
833569
576081
508369
413449
356409
334084
310249
280900
269361
270400
219961
209764
206116
174724
148996
125316
136900
114244
113569
137641
124609
112225
87025
84100
90601
113569
117649
140625
86436
133225
136900
144400
136161
128881
139129
126025
130321
136161
137641
142884
166464
190969
182329
198916
210681
134689
160801
123904
114244
106276
128164
137641
139129
160801
151321
158404
148996
139876
115600
128881
1406596
2102500
1435204
1540081
1368900
1240996
992016
960400
891136
795664
736164
667489
651249
579121
532900
544644
448900
380689
434281
337561
330625
321489
301401
329476
316969
312481
291600
264196
250000
257049
253009
221841
247009
250000
230400
289444
276676
267289
247009
230400
201601
204304
216225
164836
195364
160000
168100
206116
183184
163216
166464
141376
126736
123904
115600
119025
130321
128881
121104
128164
136161
146689
161604
131044
121104
138384
140625
116281
123904
108900
109561
83521
87616
108900
122500
123201
133225
148996
146689
139129
133225
95481
84681
89401
94864
111556
121104
128881
124609
129600
140625
124609
129600
124609
152100
200704
181476
175561
196249
175561
170569
201601
215296
251001
239121
252004
223729
217156
218089
200704
200704
186624
198916
211600
241081
216225
199809
197136
180625
169744
148225
129600
136161
133225
141376
136900
121801
126025
126736
114921
96100
120409
118336
78400
72900
60025
71824
66564
63504
82369
62001
88209
76729
85849
82369
90601
94864
94864
97344
90000
83521
76729
77841
95481
106929
111556
126736
128881
141376
141376
159201
154449
160801
155236
156816
135424
131769
136161
140625
204304
207936
219961
183184
214369
172225
149769
139129
137641
145161
126736
128164
154449
156816
166464
173056
209764
165649
175561
831744
793881
648025
506944
527076
412164
421201
390625
380689
334084
345744
341056
289444
188356
172225
141376
128164
122500
133956
155236
114244
95481
88804
103041
99225
105625
90601
85849
99225
76729
84100
97344
94864
109561
92416
114921
99856
97344
94864
98596
103041
113569
106276
112896
207936
230400
225625
202500
167281
183184
151321
192721
178929
148996
151321
142884
122500
121801
110889
122500
152881
131769
2802276
2042041
2172676
1768900
1750329
1394761
1401856
1320201
1166400
1006009
826281
756900
717409
687241
632025
558009
474721
395641
342225
342225
315844
293764
276676
257049
224676
228484
203401
183184
202500
195364
237169
250000
240100
253009
233289
209764
212521
206116
186624
179776
170569
164836
139129
151321
184900
159201
199809
170569
196249
157609
161604
149769
128164
128164
148225
172225
214369
212521
200704
190096
193600
182329
175561
172225
167281
178929
175561
169744
142884
168100
158404
165649
177241
153664
142884
145161
123904
108241
97969
119025
106276
117649
126025
163216
157609
174724
184900
161604
162409
134689
113569
116281
112225
140625
148996
148225
148225
143641
142129
138384
155236
164836
166464
137641
138384
136900
119025
120409
126736
129600
123904
91809
111556
119716
131769
112896
116281
99856
79524
106276
99225
111556
123904
126025
101761
108900
120409
122500
137641
148996
128881
164025
171396
179776
167281
190096
192721
183184
211600
235225
276676
295936
269361
247009
225625
181476
184041
217156
199809
227529
228484
227529
208849
149769
171396
156025
165649
152100
151321
149769
135424
80089
77841
83521
101124
108241
129600
125316
190969
155236
188356
161604
127449
119025
123201
113569
119025
110224
131769
119716
113569
107584
103041
101761
99225
236196
434281
950625
627264
505521
504100
467856
462400
446224
408321
380689
350464
313600
251001
203401
173056
161604
157609
171396
173889
150544
189225
161604
155236
146689
110889
114921
111556
103684
99856
78400
94864
96100
96721
88804
99856
86436
97969
83521
84681
97344
92416
96721
89401
109561
96100
116964
94864
93025
96100
131769
133225
123904
107584
131769
109561
100489
93636
100489
112225
112896
1638400
1974025
2166784
1718721
1755625
1485961
1297321
1267876
1123600
996004
968256
889249
835396
720801
715716
643204
463761
444889
354025
285156
283024
261121
284089
239121
215296
213444
173056
181476
155236
122500
152881
138384
146689
153664
156025
148225
118336
136161
123904
123201
113569
94864
100489
151321
151321
198916
194481
203401
150544
133956
124609
120409
131769
117649
139129
159201
170569
153664
160801
160801
139876
126736
133225
119025
134689
133225
118336
121801
112896
112225
108900
119716
110224
132496
126736
148225
116964
110224
77841
63504
88209
83521
98596
106276
121104
119025
106929
108900
95481
112225
96100
97969
119025
119716
119716
161604
184041
193600
154449
174724
150544
172225
146689
137641
157609
112896
114244
94864
125316
123201
150544
159201
142129
149769
126025
128164
96721
101124
123201
148225
165649
158404
162409
154449
133225
110889
82944
81225
63001
78400
77841
91809
136161
136900
155236
139129
136161
123904
123904
106276
83521
69696
68644
82369
94864
86436
85264
106276
123904
142129
157609
184041
168100
172225
160000
139876
96721
72900
76729
82369
105625
139129
177241
210681
191844
174724
142884
139129
122500
116281
90601
89401
85264
84681
92416
94864
84681
84100
81796
81225
66564
77284
79524
85264
71289
91204
89401
87025
380689
480249
495616
189225
249001
173889
186624
188356
168921
164836
149769
147456
161604
141376
162409
172225
185761
178084
175561
172225
195364
164836
173889
160801
148996
145161
131044
128164
127449
139876
137641
149769
168100
157609
132496
102400
94864
84100
106276
106929
126025
140625
155236
156025
156025
147456
99856
127449
87616
103041
99225
116964
126736
123904
131044
134689
142129
126025
133225
142129
126025
130321
1098304
2812329
2190400
2175625
2033476
1865956
1849600
1811716
1635841
1545049
1359556
1168561
1044484
1008016
966289
904401
904401
829921
719104
737881
614656
540225
463761
417316
404496
348100
342225
336400
320356
251001
251001
226576
213444
156816
137641
141376
141376
124609
112896
113569
108241
106929
100489
103684
87616
96721
72900
103684
87025
101124
102400
87025
101761
110889
93636
103684
145161
141376
157609
159201
140625
135424
109561
116281
100489
97344
91809
85264
96721
89401
93025
90000
98596
97344
119025
120409
108241
114921
126025
101761
84681
97969
78400
76176
99225
94249
112896
99225
105625
114244
130321
105625
72361
80089
89401
94249
121801
112225
130321
112896
88804
96721
85849
105625
108900
99225
111556
119025
123201
127449
109561
128881
143641
147456
180625
170569
160000
127449
139129
117649
110224
152881
156025
168921
184041
139876
178084
155236
112225
96100
90000
72900
67600
67081
67081
86436
119716
145161
139129
164836
147456
138384
144400
156025
189225
173889
168921
149769
156025
128881
156025
178084
206116
209764
200704
229441
247009
205209
200704
167281
127449
131044
178929
148225
173889
164836
145161
155236
125316
114921
110889
108900
103041
119025
124609
112896
122500
115600
102400
112225
97344
107584
81796
107584
102400
112896
266256
839056
414736
466489
355216
358801
350464
334084
366025
362404
326041
278784
251001
218089
212521
189225
235225
221841
318096
321489
300304
306916
257049
254016
255025
250000
227529
202500
207936
189225
189225
182329
198916
196249
168100
178084
146689
136900
118336
114921
91204
99225
107584
136161
196249
326041
197136
217156
171396
174724
124609
114244
108241
111556
120409
115600
116281
112225
126736
107584
112896
1999396
2125764
1716100
1708249
1567504
1478656
1324801
1267876
1218816
1144900
1036324
1006009
923521
919681
776161
656100
620944
522729
514089
444889
419904
423801
410881
380689
352836
341056
306916
247009
225625
204304
174724
185761
181476
146689
150544
126025
112225
131769
97969
89401
86436
76729
94864
76176
94249
71824
76176
72361
70756
77841
65536
74529
88209
112896
113569
120409
119025
114244
95481
96721
99856
108241
122500
157609
145924
151321
145924
145161
143641
138384
139129
141376
142129
133956
116964
124609
113569
139876
137641
131044
143641
121104
129600
131044
129600
123201
151321
109561
99225
116281
114921
144400
168921
152100
164836
136900
131044
110889
100489
91809
84681
123904
128164
133225
111556
96100
98596
98596
95481
117649
139129
137641
131769
137641
123904
114921
122500
121801
128881
138384
148225
160000
173889
139129
134689
120409
129600
119716
113569
129600
131044
142129
124609
121801
116281
122500
143641
123201
164025
152881
153664
135424
140625
128164
123904
132496
154449
173056
173056
198916
172225
170569
152100
130321
135424
133225
147456
152881
153664
170569
150544
173889
179776
166464
149769
147456
126025
122500
146689
130321
145161
126736
138384
136161
123904
112896
81225
80656
94864
105625
112225
109561
108900
93636
74529
73441
75076
749956
614656
777924
473344
506944
504100
495616
467856
435600
408321
356409
289444
271441
256036
264196
248004
264196
268324
219024
257049
239121
222784
198916
182329
194481
215296
195364
211600
177241
194481
170569
156025
148996
139129
141376
125316
115600
96100
85264
93636
97969
96721
100489
95481
108900
217156
112896
242064
147456
159201
157609
156816
172225
163216
172225
173889
185761
190969
188356
191844
173889
154449
159201
2512225
2007889
1817104
1739761
1628176
1459264
1397124
1232100
1185921
1056784
1069156
1094116
952576
902500
831744
769129
662596
692224
633616
546121
591361
531441
528529
488601
458329
427716
407044
379456
374544
294849
253009
273529
263169
272484
266256
235225
228484
216225
207025
182329
152881
124609
125316
91809
121801
119716
125316
146689
117649
116281
118336
118336
96100
112225
99856
95481
94249
88804
99225
116281
112896
135424
121801
116964
122500
127449
124609
108900
96721
103684
84681
93636
110224
145924
160000
138384
147456
159201
151321
142129
117649
119716
116281
103041
114244
111556
106929
99225
128881
117649
140625
159201
92416
99225
112225
117649
129600
105625
121801
112896
118336
112896
142129
171396
165649
164836
148996
156816
168100
133956
129600
121801
133956
133225
138384
147456
120409
118336
107584
131769
94864
160801
128881
105625
134689
91204
88804
108241
155236
136900
137641
153664
162409
162409
153664
130321
119025
106276
114921
116281
112896
110224
110889
130321
110889
123201
91809
75076
70756
75625
79524
99225
101124
104329
123904
108241
105625
114921
115600
110889
132496
128164
140625
125316
131044
123904
103684
93025
119025
144400
148996
168100
146689
154449
142129
123201
117649
110889
105625
109561
129600
107584
104329
108241
112225
177241
707281
427716
412164
363609
299209
298116
302500
268324
249001
247009
214369
149769
161604
193600
196249
220900
222784
207025
196249
175561
165649
166464
155236
147456
169744
195364
184900
185761
152881
152881
139129
155236
141376
152881
146689
133225
135424
145161
142884
142884
174724
170569
191844
223729
315844
257049
251001
185761
183184
191844
201601
231361
213444
229441
214369
211600
181476
140625
170569
130321
1317904
2039184
1364224
1515361
1368900
1190281
1214404
1034289
948676
883600
799236
840889
749956
763876
662596
564001
553536
470596
466489
403225
407044
429025
435600
454276
398161
413449
368449
345744
324900
303601
276676
283024
266256
240100
227529
200704
209764
184900
178929
191844
183184
168921
171396
159201
142884
139129
152100
179776
206116
164025
154449
142884
133225
123904
95481
87616
81796
100489
107584
108241
94249
105625
95481
107584
110224
106276
122500
124609
113569
96721
92416
107584
109561
121104
106929
119716
140625
142884
134689
131044
127449
126025
120409
117649
98596
110889
119025
138384
142884
130321
138384
131769
172225
179776
188356
196249
183184
154449
196249
174724
157609
179776
149769
175561
190969
179776
151321
167281
145161
136161
142129
129600
139129
134689
157609
129600
127449
114244
132496
94249
108241
95481
99225
109561
99856
116964
99225
97344
114244
116964
167281
166464
178084
174724
160801
136161
126736
136900
136900
139876
145924
138384
152100
149769
148225
136900
131769
126736
131769
123201
101124
105625
110224
123904
116281
108241
109561
113569
91809
100489
107584
105625
123904
110889
108241
92416
93636
125316
150544
173056
186624
177241
188356
171396
169744
160801
142129
127449
121104
131044
157609
149769
147456
119716
119716
126736
132496
129600
799236
851929
695556
446224
419904
381924
350464
351649
383161
416025
404496
349281
328329
283024
252004
208849
205209
185761
184041
138384
150544
133956
125316
108241
109561
93636
89401
78961
84100
82944
85264
84681
82369
80656
96721
112225
132496
126025
129600
112896
126736
112225
105625
93636
141376
202500
200704
173889
154449
143641
170569
159201
166464
160801
172225
172225
173056
166464
131044
136161
123904
127449
2582449
2319529
1932100
2044900
1806336
1535121
1366561
1336336
1110916
986049
929296
898704
777924
678976
627264
531441
470596
465124
385641
367236
366025
327184
341056
286225
306916
322624
313600
324900
310249
267289
290521
297025
279841
311364
304704
304704
266256
272484
219024
224676
207936
227529
210681
206116
241081
219961
252004
187489
193600
179776
182329
168100
194481
206116
205209
186624
188356
160000
167281
138384
128881
119716
112896
101761
77841
83521
84681
84100
93025
107584
114244
121801
112225
126025
110889
108900
90000
92416
101761
95481
110224
139129
145161
187489
178929
159201
156816
137641
137641
145924
136161
190969
181476
196249
194481
186624
181476
194481
184041
158404
124609
153664
156816
132496
123201
107584
135424
123904
118336
127449
131769
143641
131044
138384
117649
108900
81796
88209
74529
78400
109561
123904
156025
147456
161604
145924
148225
156025
145161
119716
103041
117649
115600
148996
151321
166464
184900
198916
218089
217156
221841
211600
175561
191844
138384
144400
152881
160000
151321
184900
181476
224676
198916
190096
178929
158404
135424
168100
213444
224676
239121
228484
200704
169744
157609
142129
136900
106929
95481
93636
90000
77841
78400
74529
98596
93636
87025
76729
84100
78400
93025
80656
65025
67600
78400
110889
379456
870489
506944
414736
369664
343396
311364
249001
233289
216225
246016
236196
242064
205209
194481
182329
155236
159201
144400
134689
141376
118336
105625
88804
81225
78400
96100
103684
85849
88209
72361
66564
84681
103041
119025
116281
131044
114244
111556
116964
116281
110224
154449
152881
234256
304704
269361
243049
207025
219961
207936
205209
202500
193600
199809
191844
192721
181476
185761
192721
275625
2042041
1784896
1485961
1483524
1292769
1334025
1089936
966289
861184
705600
672400
619369
589824
636804
576081
498436
458329
409600
378225
339889
311364
349281
306916
301401
318096
306916
260100
286225
280900
289444
275625
235225
251001
241081
246016
243049
241081
253009
235225
261121
232324
195364
182329
172225
184041
186624
200704
167281
160801
177241
157609
148225
135424
111556
110889
119025
118336
112896
125316
148996
137641
148225
145924
148996
142884
108241
103684
78961
77284
71824
83521
84100
88804
98596
119025
128881
138384
137641
121104
128881
116281
111556
123201
99856
120409
97969
98596
101124
112225
113569
123904
170569
136161
160801
142884
116281
113569
101124
112896
96721
81796
113569
104329
120409
123904
131769
119716
114921
101124
91204
91204
87616
97969
96100
106276
112896
96100
120409
116964
129600
135424
146689
160000
164836
171396
162409
158404
177241
181476
187489
192721
190096
194481
185761
168921
129600
151321
133956
140625
155236
157609
152100
156816
135424
168100
166464
150544
144400
155236
128164
122500
123904
100489
113569
97969
93025
102400
118336
126025
125316
112225
90000
75076
86436
90601
94249
100489
138384
110889
114244
103041
110889
97344
89401
103684
97344
108900
103684
115600
125316
139129
134689
91204
110889
127449
152881
152100
363609
521284
494209
292681
294849
284089
243049
224676
194481
201601
210681
219961
272484
248004
258064
223729
200704
172225
164025
176400
180625
200704
192721
187489
191844
213444
206116
177241
211600
199809
191844
198916
175561
183184
188356
180625
209764
189225
173889
177241
163216
140625
142884
114921
110889
170569
189225
180625
131044
122500
131044
86436
108241
103041
106929
106929
119025
112225
123201
114921
108241
123904
1144900
2785561
2047761
1904400
1865956
1790244
1575025
1530169
1313316
1232100
1190281
1190281
1026169
839056
777924
724201
616225
568516
492804
426409
417316
412164
373321
310249
289444
218089
200704
184900
138384
160000
160000
184041
173056
170569
178929
169744
168100
147456
120409
117649
106276
91204
125316
125316
166464
173889
127449
141376
114921
101124
128881
133225
143641
154449
176400
172225
187489
160000
183184
163216
137641
130321
116964
130321
123201
125316
112225
99856
133225
147456
171396
160000
172225
168100
130321
122500
135424
120409
134689
132496
123201
129600
128164
129600
109561
101761
91809
72361
64516
80656
87616
108241
106276
141376
121801
140625
133956
133956
137641
159201
142129
166464
160801
157609
142129
142129
138384
150544
153664
162409
164836
171396
158404
195364
178084
160801
143641
130321
156025
148996
163216
220900
197136
207025
198916
166464
168921
150544
179776
163216
173056
175561
168100
142884
151321
123201
161604
146689
140625
125316
94249
78400
82369
81225
86436
103041
103684
116281
112896
105625
103041
133225
131044
120409
114921
122500
109561
120409
96721
93025
121801
129600
140625
126025
127449
121801
112896
122500
131769
112896
114244
103684
91809
112896
91809
93636
94249
103684
109561
138384
138384
157609
153664
133956
116281
112225
315844
938961
571536
547600
543169
470596
501264
470596
414736
400689
349281
275625
299209
256036
264196
231361
230400
262144
277729
251001
265225
271441
271441
223729
190969
154449
142884
154449
138384
145924
158404
150544
148996
143641
121104
106276
103684
96721
94249
110224
131769
128164
131769
115600
184041
211600
97969
135424
102400
119716
115600
103684
117649
121104
115600
110224
106276
108241
115600
153664
159201
1860496
2512225
1976836
1890625
1638400
1560001
1416100
1401856
1263376
1192464
1170724
1032256
972196
921600
767376
659344
702244
534361
478864
474721
381924
367236
372100
331776
331776
276676
287296
218089
199809
171396
141376
150544
133956
141376
139876
102400
106276
69169
69169
91204
98596
127449
114921
125316
126025
116964
114244
95481
113569
123904
128881
126736
125316
122500
134689
159201
152881
156025
139876
127449
126736
114244
112225
106929
138384
142884
168921
167281
178084
177241
144400
153664
123904
121801
123904
139129
173889
188356
160801
160801
145161
142884
129600
145161
108900
114244
112225
94249
96721
94249
86436
119716
121801
103684
123904
106276
114921
137641
115600
103041
82944
76176
85264
78400
90601
80089
92416
112896
99225
109561
124609
110889
99856
106276
82944
96100
108241
92416
92416
91204
98596
136161
154449
151321
138384
121801
118336
116964
101124
143641
114921
95481
99225
110224
119716
139876
139876
142129
144400
143641
145924
145161
139876
137641
147456
145924
158404
172225
157609
133956
126025
126025
178084
170569
167281
148225
137641
117649
123904
136161
148996
145161
149769
131769
127449
123201
88209
134689
88209
70225
85849
70756
83521
88804
93636
106276
85264
75076
69696
63001
89401
85849
110889
106929
94249
92416
84681
505521
638401
680625
302500
430336
391876
376996
315844
294849
246016
263169
258064
274576
274576
269361
266256
254016
234256
231361
177241
174724
133956
150544
132496
152100
157609
140625
158404
139129
122500
127449
122500
100489
95481
76176
75625
84681
91204
106276
88804
94864
93636
105625
128881
154449
223729
299209
280900
179776
192721
170569
168100
156025
174724
184041
206116
214369
239121
205209
198916
207936
174724
181476
2595321
1993744
1896129
1677025
1542564
1464100
1425636
1199025
1181569
1065024
1040400
1048576
944784
902500
842724
732736
712336
646416
603729
532900
603729
606841
543169
550564
504100
469225
378225
429025
409600
355216
379456
336400
320356
324900
254016
275625
253009
228484
188356
180625
162409
150544
119716
106276
121104
126736
112225
106929
101124
102400
103684
113569
100489
107584
114244
102400
103041
107584
116281
101124
121801
128164
160000
148225
152881
139129
111556
100489
117649
123904
128881
120409
105625
115600
118336
110224
119716
107584
102400
136161
113569
110224
102400
101124
121801
107584
128881
131769
150544
136161
152881
161604
155236
145924
110889
112896
140625
140625
191844
177241
207025
227529
217156
224676
178929
190969
159201
164025
156025
168100
139129
127449
140625
146689
173889
186624
151321
160000
142129
123904
116281
149769
154449
147456
166464
162409
148225
155236
154449
131769
134689
114244
114244
134689
123904
109561
100489
97344
93025
102400
102400
102400
116964
121801
90601
111556
107584
120409
110889
118336
113569
86436
83521
106276
95481
119025
142884
133225
116281
128881
114921
112225
100489
98596
105625
119716
131044
128881
142129
154449
162409
148996
151321
150544
152100
142884
135424
136900
119025
131044
149769
147456
164025
177241
187489
180625
620944
432964
318096
229441
222784
211600
176400
152881
140625
142129
200704
197136
194481
185761
181476
185761
181476
160801
118336
116281
136161
136161
145924
151321
170569
183184
175561
172225
168100
125316
121104
112896
121104
119025
144400
152881
152881
160000
152100
138384
152100
142884
129600
120409
276676
192721
215296
174724
169744
174724
148996
163216
157609
164836
142884
145924
119025
109561
120409
122500
1315609
2085136
1976836
1527696
1444804
1308736
1322500
1210000
1177225
1077444
913936
828100
788544
788544
705600
703921
667489
649636
608400
576081
534361
501264
446224
474721
391876
355216
366025
328329
329476
306916
294849
292681
244036
281961
223729
202500
198916
170569
164025
188356
157609
183184
178929
173889
139876
130321
112225
120409
106929
87025
89401
86436
119716
103041
119025
104329
88209
94864
89401
123201
126736
134689
128881
143641
135424
128881
144400
152100
173889
164836
186624
207936
178929
193600
167281
141376
161604
171396
198916
191844
201601
191844
187489
133956
112225
93636
85264
102400
81796
91204
113569
105625
108900
152881
138384
156025
146689
129600
139129
156025
125316
158404
158404
164836
145161
137641
168100
164836
189225
185761
209764
179776
176400
160801
119025
131769
144400
171396
156025
166464
166464
151321
149769
130321
131044
132496
112225
116964
123201
99856
85264
97344
105625
124609
105625
101124
75625
70225
73984
122500
97344
84100
80089
70225
78961
99225
148996
155236
159201
169744
168921
155236
144400
143641
178929
134689
159201
188356
179776
185761
181476
173056
116964
112225
121104
119025
112225
119716
103041
86436
91809
87616
99225
99225
107584
118336
124609
148996
149769
136900
110889
107584
126025
135424
165649
174724
178084
175561
695556
688900
662596
473344
490000
398161
395641
339889
334084
305809
262144
301401
275625
256036
212521
194481
150544
134689
114244
110889
113569
108241
113569
99225
92416
84681
85264
76176
90601
86436
86436
97969
96100
97344
112225
94249
116964
114244
120409
123201
134689
145161
145924
137641
151321
220900
175561
193600
116964
126736
131769
139876
140625
163216
140625
139129
140625
156816
121104
99856
110889
111556
831744
2374681
1814409
1819801
1664100
1454436
1352569
1245456
1081600
925444
885481
840889
748225
692224
677329
613089
509796
495616
448900
388129
386884
368449
422500
352836
312481
311364
276676
270400
276676
258064
249001
275625
279841
299209
278784
266256
241081
238144
208849
195364
226576
244036
218089
216225
184041
216225
217156
210681
209764
193600
175561
153664
132496
122500
120409
91809
121801
128164
136900
164836
152100
136161
126025
111556
99856
111556
129600
118336
129600
143641
138384
152881
128881
134689
133956
133956
141376
148996
153664
139129
158404
149769
126736
142129
141376
142884
152100
123904
138384
158404
160000
160000
179776
151321
134689
147456
134689
150544
158404
197136
240100
221841
203401
187489
206116
197136
199809
167281
242064
211600
209764
205209
173056
183184
196249
214369
194481
227529
177241
173889
158404
136161
142129
136161
123201
140625
128164
139129
148996
131044
156025
145924
141376
146689
155236
154449
169744
218089
215296
225625
198916
200704
165649
171396
142129
174724
158404
135424
139876
119025
103684
120409
128881
123201
130321
152100
123904
110224
112225
107584
96721
86436
85264
101761
89401
97969
108241
139129
119025
119025
101124
116964
133956
120409
127449
110224
112225
117649
110889
103041
114921
113569
137641
97969
108900
128164
435600
891136
499849
409600
456976
458329
451584
430336
401956
391876
335241
316969
274576
233289
208849
186624
187489
190969
184900
166464
109561
98596
99225
80089
78961
81225
83521
87616
100489
108900
128164
108900
108241
101761
93025
114921
128164
173056
170569
189225
172225
177241
139876
119716
125316
190096
139876
152100
141376
160801
152881
193600
177241
172225
172225
176400
179776
184041
158404
163216
272484
1876900
2319529
1669264
1481089
1311025
1212201
996004
894916
877969
792100
737881
674041
628849
565504
438244
413449
376996
360000
321489
342225
292681
263169
230400
251001
235225
239121
254016
222784
222784
208849
219961
212521
229441
236196
273529
279841
230400
192721
173889
151321
171396
168921
221841
219961
208849
198025
186624
176400
191844
172225
149769
139129
140625
133956
112896
108900
108241
107584
128164
138384
147456
142129
148225
113569
109561
99856
112896
93636
115600
114244
136161
147456
152881
145924
148225
135424
137641
120409
122500
130321
164025
128164
131044
119716
122500
140625
119716
139876
152100
131769
133225
148996
106276
127449
123904
134689
142129
173889
160000
176400
155236
183184
176400
184900
176400
167281
164836
158404
171396
197136
212521
189225
191844
155236
150544
135424
154449
128164
112896
72361
91204
95481
86436
115600
121104
128881
106276
102400
84681
84100
77841
80089
113569
78400
80089
81225
91204
121104
93025
89401
97344
97969
113569
125316
121104
122500
110889
114244
108241
88209
91809
91204
85849
97969
114921
185761
176400
180625
162409
136161
148996
106276
112225
116964
103684
108900
125316
120409
118336
160801
155236
128881
164025
128881
135424
117649
106929
101124
87616
134689
116281
145161
135424
138384
160000
126736
142129
567009
515524
577600
372100
363609
323761
267289
220900
212521
160801
152881
147456
114244
91809
80089
76176
81796
66564
77284
70756
85264
99856
109561
113569
147456
142884
159201
128164
125316
123201
114244
123201
148225
133956
127449
156816
147456
135424
133956
135424
112225
118336
114244
117649
112896
227529
201601
183184
173056
169744
184900
174724
161604
139876
100489
105625
97344
101761
93025
93025
115600
118336
1129969
2927521
2085136
2125764
1871424
1721344
1547536
1557504
1331716
1196836
1127844
1042441
929296
828100
804609
664225
588289
547600
471969
474721
409600
363609
366025
337561
324900
263169
250000
193600
134689
133956
130321
139876
150544
145161
148996
139876
108241
106929
119716
148996
156025
179776
173889
180625
174724
180625
168100
196249
202500
173056
160801
164836
162409
158404
154449
157609
159201
162409
147456
144400
133956
118336
107584
116964
120409
119025
133225
133956
134689
139129
136900
152100
144400
127449
123201
125316
136900
137641
150544
158404
126736
151321
140625
152100
148225
168921
165649
157609
125316
121801
107584
101124
114921
112225
131769
146689
133225
124609
115600
101761
89401
109561
109561
136161
126736
153664
169744
171396
180625
176400
122500
127449
119716
116281
124609
136161
126025
84681
58081
64516
69169
95481
91809
136161
119025
134689
117649
119716
115600
114921
91809
79524
88804
87616
111556
139876
173056
162409
178929
182329
148225
160801
156816
168100
166464
182329
168921
139876
116281
107584
126025
144400
148996
149769
142884
160801
156025
135424
123201
126025
110224
133956
165649
187489
203401
198916
162409
154449
153664
152881
137641
135424
164836
152100
160801
141376
119025
160000
160000
173889
179776
189225
175561
163216
162409
114244
327184
815409
505521
492804
462400
483025
466489
369664
369664
332929
316969
279841
302500
276676
300304
284089
248004
268324
239121
267289
252004
219024
214369
192721
178084
143641
146689
126736
132496
144400
122500
140625
139129
136161
109561
100489
88804
90601
82369
95481
90601
90601
101124
103684
161604
126736
75076
97344
93025
101761
99225
102400
136900
111556
97344
96100
79524
88209
108241
123904
131044
1721344
2458624
1635841
1960000
1656369
1522756
1387684
1270129
1181569
1123600
1098304
964324
826281
842724
737881
690561
543169
494209
430336
370881
366025
275625
253009
231361
207936
219961
203401
192721
148225
147456
133956
147456
150544
142129
127449
147456
123904
122500
117649
97344
100489
111556
124609
125316
142129
143641
126736
145161
111556
121104
136900
137641
136161
115600
143641
140625
152881
181476
173889
188356
142129
152100
123904
130321
130321
137641
149769
157609
145161
167281
139129
124609
91809
96721
81796
78961
95481
117649
106276
145161
115600
145924
110889
111556
129600
125316
132496
133956
119716
117649
81225
82369
75076
85264
85849
93025
118336
91809
93636
111556
102400
108900
101761
97344
102400
139129
145924
137641
123201
150544
106929
120409
167281
138384
177241
160000
151321
126736
150544
144400
197136
198025
182329
216225
196249
233289
231361
203401
154449
162409
146689
138384
134689
172225
209764
231361
242064
247009
179776
178929
187489
153664
133956
124609
126025
122500
146689
139129
123904
148996
165649
139129
151321
130321
129600
89401
72361
75076
76176
84681
91204
106276
114244
123904
126736
118336
105625
106276
101761
102400
97969
105625
129600
113569
121801
122500
111556
110889
108241
127449
173889
153664
146689
154449
134689
138384
106929
636804
853776
879844
469225
614656
544644
570025
488601
446224
459684
438244
385641
414736
399424
372100
366025
304704
285156
259081
260100
236196
225625
209764
190096
148225
127449
121801
112896
131769
128164
132496
116281
95481
112896
103041
107584
106929
124609
114921
126025
132496
110224
145161
141376
141376
250000
280900
272484
184900
205209
193600
179776
174724
160000
147456
152881
151321
146689
161604
156816
148225
153664
142884
2930944
2193361
2149156
1830609
1776889
1682209
1597696
1515361
1452025
1373584
1283689
1188100
1149184
960400
923521
840889
720801
656100
624100
574564
494209
431649
435600
398161
373321
355216
281961
252004
199809
181476
184041
180625
178929
193600
178929
174724
164025
116281
106929
103684
82369
76176
81796
75076
85264
99225
87025
95481
85264
112896
99225
113569
106276
108241
129600
113569
118336
150544
137641
136900
115600
112225
127449
125316
128881
134689
148225
136900
141376
133956
133225
128164
100489
113569
116964
133956
132496
125316
133225
108241
105625
96721
124609
98596
108900
114244
92416
108241
77841
84681
90601
108900
123904
151321
145924
134689
152100
141376
144400
139876
118336
131044
133225
172225
173889
164836
175561
180625
183184
161604
163216
142129
141376
137641
142129
142129
160801
151321
184900
173056
209764
168921
166464
198916
164836
152881
224676
191844
166464
181476
186624
214369
228484
258064
237169
204304
181476
159201
122500
127449
135424
171396
164836
163216
175561
175561
169744
156025
176400
158404
168100
157609
136900
139129
98596
106276
119025
131769
127449
124609
128881
124609
121801
123904
128881
114921
101124
103041
105625
103684
117649
145924
159201
150544
162409
136900
147456
137641
108241
103684
124609
96721
95481
101761
101124
191844
414736
804609
458329
363609
319225
328329
286225
284089
304704
247009
269361
228484
217156
198025
204304
231361
214369
234256
222784
211600
208849
208849
169744
152881
147456
160801
179776
189225
171396
170569
169744
156025
179776
168921
153664
167281
164025
135424
127449
148225
156816
167281
164836
136161
288369
274576
203401
156025
134689
133956
125316
125316
142129
118336
125316
110224
102400
133225
128881
130321
1267876
2137444
2190400
1790244
1708249
1607824
1473796
1243225
1320201
1046529
1002001
1022121
960400
923521
808201
729316
659344
620944
568516
571536
574564
461041
506944
412164
417316
374544
331776
285156
284089
270400
281961
306916
272484
246016
223729
191844
213444
185761
183184
148225
119025
99856
88209
69169
76176
67600
96721
89401
103684
93025
103684
93025
84100
85264
91809
85264
76176
85849
76729
90601
90000
107584
114921
93025
97969
101124
78400
85264
84100
79524
77284
77841
84100
85264
103684
119025
151321
145161
169744
145161
113569
131044
132496
141376
159201
145161
162409
184041
173056
194481
189225
175561
219961
199809
198916
187489
183184
173889
156025
171396
171396
173889
169744
164025
143641
145161
128164
107584
97969
77284
76729
65025
81796
67600
99856
127449
134689
131769
135424
144400
129600
113569
155236
154449
151321
151321
140625
184900
166464
150544
143641
136900
143641
139129
128881
125316
128164
99225
91809
113569
120409
125316
136161
150544
164025
132496
148225
152100
139129
115600
108900
111556
136900
141376
169744
166464
168100
162409
154449
139129
157609
138384
139129
155236
156816
150544
149769
103684
101761
82369
110889
129600
116281
119716
145161
116281
108241
110889
119025
114244
136900
146689
185761
185761
184041
158404
136900
128164
556516
528529
299209
255025
233289
279841
253009
268324
297025
311364
339889
332929
323761
281961
275625
246016
284089
275625
244036
249001
249001
238144
264196
251001
232324
228484
218089
204304
201601
198916
188356
191844
199809
191844
217156
186624
183184
152100
129600
126025
136900
148225
146689
136900
150544
85264
126025
110889
74529
69696
71824
71289
78961
74529
94864
91809
84681
92416
95481
81796
101761
119025
731025
2427364
1968409
1635841
1648656
1500625
1432809
1232100
1155625
1028196
940900
876096
833569
828100
806404
687241
725904
597529
540225
524176
426409
431649
422500
416025
448900
410881
395641
383161
338724
312481
332929
335241
343396
290521
264196
242064
256036
268324
262144
249001
237169
221841
214369
179776
135424
168921
142884
156816
162409
173056
160801
161604
163216
173889
175561
163216
130321
133956
117649
123904
116281
139876
126736
128881
152881
136900
141376
145924
151321
167281
148996
128164
111556
127449
117649
118336
119716
133956
150544
126025
133956
126736
120409
90601
73984
99856
106929
112225
106276
130321
103684
110889
109561
87616
94249
78961
68121
73984
72900
75625
88804
69169
73441
81225
88209
85849
128881
103684
108900
97969
83521
87025
79524
82369
100489
121104
111556
123904
160000
137641
141376
169744
164025
152100
165649
171396
142884
163216
181476
171396
140625
159201
183184
190096
184900
192721
206116
239121
245025
238144
191844
173889
174724
168100
181476
164836
176400
180625
182329
161604
145924
121801
151321
148996
159201
190096
197136
184041
189225
186624
137641
115600
115600
105625
101124
117649
131769
80089
79524
87616
94864
96721
107584
106929
154449
176400
160801
148225
148996
128164
106929
112896
90601
95481
126025
151321
427716
885481
574564
516961
508369
444889
386884
430336
395641
355216
350464
273529
249001
219961
204304
187489
149769
160801
142884
168100
156816
152100
126025
102400
85264
84100
87025
82369
84100
85849
84100
90000
84681
84100
93636
84100
106276
108241
116964
126736
145161
150544
165649
141376
175561
251001
173889
210681
162409
160000
174724
176400
185761
176400
184041
209764
196249
184041
177241
186624
198916
1687401
2019241
1440000
1382976
1170724
1012036
980100
913936
848241
779689
722500
739600
617796
614656
568516
491401
521284
439569
435600
446224
409600
421201
389376
378225
381924
373321
306916
274576
264196
274576
244036
313600
319225
305809
297025
252004
229441
192721
181476
152100
180625
195364
208849
213444
174724
168921
144400
128164
126736
122500
114244
103684
93636
97344
91204
99225
103041
90601
82369
97969
114244
119025
113569
119025
94864
91204
81796
82369
96721
119716
110889
119025
129600
126025
139129
126025
110224
110224
116964
120409
137641
148996
145161
145924
127449
128164
114921
114244
126025
132496
133956
144400
110224
114921
88209
73984
93025
80089
97969
131044
111556
113569
110224
112225
96100
88209
97969
109561
120409
145924
172225
192721
179776
205209
165649
180625
170569
164836
145924
157609
133956
116281
135424
141376
177241
172225
142884
145161
135424
121104
95481
123904
129600
133225
126736
142129
120409
142884
138384
187489
151321
141376
119025
97969
91809
110224
112225
98596
106929
85264
88209
88804
106929
116964
91809
86436
91204
91809
91809
91204
95481
103041
117649
133956
148225
167281
186624
193600
197136
148225
141376
128881
131044
142129
140625
147456
177241
185761
167281
142884
138384
125316
133225
111556
134689
134689
145924
425104
498436
537289
419904
290521
342225
262144
271441
239121
248004
241081
220900
187489
158404
164836
156025
136900
145161
161604
189225
205209
188356
202500
171396
162409
156816
163216
161604
168921
161604
172225
176400
163216
155236
159201
127449
120409
119025
126736
130321
133225
119716
132496
144400
133225
153664
116964
134689
64009
75625
78961
70225
75076
71289
65536
73441
82944
92416
108241
116964
123201
96100
188356
2493241
2076481
1855044
1690000
1617984
1510441
1406596
1267876
1069156
978121
952576
810000
744769
675684
627264
585225
529984
477481
417316
335241
294849
249001
224676
233289
194481
243049
211600
200704
201601
172225
172225
140625
178929
179776
174724
188356
203401
193600
179776
171396
184041
203401
168100
139876
136900
127449
159201
172225
190096
200704
199809
191844
184900
163216
151321
161604
148225
184041
193600
207936
213444
179776
157609
157609
161604
144400
162409
156816
141376
163216
156025
145161
141376
141376
148996
156025
141376
134689
112896
108900
108241
88209
86436
92416
105625
129600
165649
156816
148996
144400
128881
103684
128164
148996
126736
134689
143641
150544
140625
146689
153664
147456
162409
145161
168100
156025
181476
152881
128881
103684
102400
116281
114921
129600
131769
141376
101124
93636
79524
93636
75076
85264
116281
119716
155236
146689
147456
151321
164836
152881
185761
178084
196249
208849
212521
207025
203401
188356
206116
205209
198025
235225
219961
214369
226576
193600
137641
124609
110224
112225
141376
164025
168100
198916
222784
227529
193600
176400
160801
139876
133225
173889
153664
148996
131044
136161
129600
128164
123904
131044
140625
133956
129600
108900
121801
89401
72900
75076
72900
91204
94864
99225
114244
85849
78961
346921
855625
498436
543169
432964
410881
386884
368449
352836
367236
329476
341056
327184
336400
283024
288369
283024
245025
222784
222784
218089
204304
217156
201601
191844
164836
143641
148996
132496
173889
157609
153664
157609
160801
173056
168921
172225
148996
135424
106929
109561
111556
106276
109561
188356
188356
131769
103684
108900
98596
101761
85849
99856
91809
88209
72361
82369
70225
69696
72900
90000
1547536
2347024
1547536
1708249
1483524
1354896
1279161
1113025
966289
885481
925444
819025
685584
657721
476100
502681
495616
438244
398161
318096
298116
263169
287296
265225
239121
261121
213444
161604
160000
126736
132496
177241
175561
209764
185761
157609
138384
99856
115600
133225
135424
160000
131769
153664
134689
145161
127449
113569
116281
125316
114244
123904
119716
121801
117649
142884
145924
150544
152881
163216
163216
131044
132496
105625
123904
126736
121801
133956
144400
172225
151321
139876
139129
121801
113569
99225
96721
96721
106276
105625
107584
116964
107584
130321
115600
115600
127449
117649
123201
97344
107584
91204
80656
76729
111556
116281
114244
156025
161604
158404
173056
142884
153664
136161
125316
130321
136161
165649
149769
179776
156025
187489
173889
164025
225625
183184
200704
195364
223729
211600
189225
218089
193600
200704
198025
199809
268324
213444
229441
213444
198025
176400
164836
228484
241081
232324
219961
222784
208849
234256
198916
222784
195364
173056
171396
166464
161604
159201
143641
124609
124609
122500
123904
113569
115600
108241
112225
95481
97969
89401
85264
95481
85264
139129
133956
133956
147456
138384
130321
116281
101124
72900
74529
65536
70225
69169
75076
100489
101761
113569
119716
110889
108241
105625
134689
126736
140625
473344
579121
620944
349281
378225
393129
285156
254016
188356
193600
164836
129600
139876
144400
164836
153664
144400
165649
149769
125316
121104
106929
100489
91204
93636
83521
93636
88209
101761
88209
101124
106276
107584
115600
118336
122500
134689
136161
142129
120409
116281
95481
93025
98596
127449
236196
223729
253009
164836
174724
156025
118336
121801
127449
138384
158404
152100
119716
128881
126025
103684
115600
110224
2524921
2383936
1907161
1926544
1795600
1811716
1602756
1461681
1308736
1229881
1183744
1102500
980100
839056
751689
732736
611524
605284
515524
565504
467856
388129
341056
318096
285156
253009
274576
216225
170569
154449
121801
126025
116964
130321
124609
148225
106929
96721
75076
75076
94249
112225
108241
121104
112896
97969
110889
84681
111556
148225
128881
148225
147456
161604
164836
148225
173889
161604
163216
153664
146689
132496
147456
160801
169744
178929
189225
176400
168921
177241
150544
137641
122500
116281
124609
126025
131044
120409
133956
148225
141376
135424
116964
141376
122500
115600
111556
84100
78400
75076
90601
85264
108900
99225
102400
96721
126736
110224
121801
110224
100489
106929
147456
159201
187489
182329
185761
184041
213444
166464
201601
191844
195364
196249
205209
176400
184900
145924
219961
223729
217156
188356
178929
149769
139876
140625
174724
142884
114244
122500
145161
171396
168100
126736
65025
83521
85849
101761
83521
96721
87025
92416
91204
115600
131044
112225
129600
140625
179776
166464
157609
182329
176400
182329
156025
145924
128164
139129
126736
177241
197136
186624
183184
175561
161604
154449
155236
144400
153664
148996
191844
202500
184900
167281
162409
179776
176400
182329
206116
209764
177241
172225
144400
134689
144400
162409
268324
605284
346921
299209
313600
304704
351649
368449
368449
323761
290521
285156
268324
276676
240100
221841
224676
206116
223729
244036
219024
246016
256036
252004
190969
202500
181476
187489
191844
185761
207936
190096
200704
175561
160000
153664
165649
148225
163216
148996
151321
136900
139129
159201
168921
255025
166464
149769
160000
150544
151321
133956
116964
110224
105625
105625
111556
125316
134689
127449
389376
2480625
2316484
1852321
1617984
1540081
1459264
1359556
1297321
1166400
1168561
1062961
944784
872356
748225
725904
652864
605284
567009
515524
481636
412164
414736
367236
312481
330625
305809
285156
263169
189225
203401
188356
177241
165649
152881
148996
163216
138384
142129
148996
145161
119716
112225
96100
111556
93636
102400
107584
121801
121801
119025
141376
123201
147456
116964
121104
117649
103041
125316
118336
111556
100489
119025
119716
130321
146689
148996
135424
126025
112225
106929
96721
116281
94864
125316
140625
159201
152100
147456
157609
143641
146689
124609
108241
112896
109561
128164
141376
148996
160801
149769
172225
162409
178929
156025
150544
163216
136161
169744
139129
139129
133225
153664
158404
172225
175561
172225
171396
185761
158404
146689
129600
156816
125316
143641
148996
167281
162409
139129
142129
133956
117649
153664
131044
135424
119716
106276
121801
113569
106929
85264
89401
81796
77841
70225
82369
90601
86436
91204
81796
89401
97969
108900
177241
168921
201601
192721
196249
190096
166464
191844
176400
179776
178084
200704
184900
170569
156025
130321
106929
100489
93636
91809
96721
94864
87025
75625
70225
94249
97969
96721
144400
128881
126736
114244
97344
85264
77841
83521
70225
89401
93025
122500
124609
121104
141376
128881
164025
833569
817216
556516
492804
537289
535824
538756
525625
541696
497025
452929
451584
425104
383161
361201
334084
318096
260100
244036
238144
222784
223729
198025
249001
242064
238144
191844
185761
156816
148996
157609
138384
160000
156816
152881
145161
125316
124609
106276
77284
72361
70225
80089
87025
93636
201601
213444
196249
182329
174724
173056
187489
198025
206116
179776
157609
166464
147456
150544
136900
142129
120409
693889
2411809
1920996
1926544
1836025
1747684
1575025
1466521
1196836
1190281
1117249
958441
915849
839056
831744
810000
820836
719104
632025
574564
505521
508369
506944
427716
439569
369664
388129
381924
368449
354025
308025
267289
235225
193600
180625
157609
160000
193600
171396
201601
148996
168921
141376
139876
117649
110224
101124
103684
99225
90601
83521
96721
106929
113569
114244
126025
112225
136900
139129
139876
126025
148225
139129
121801
119716
125316
127449
161604
169744
167281
156816
144400
135424
108241
113569
82944
88209
111556
116281
116281
140625
119716
132496
125316
128164
127449
142129
118336
129600
119716
141376
142884
145924
143641
145161
162409
185761
194481
196249
203401
165649
145924
150544
108241
108241
99225
117649
116281
103684
121104
121801
130321
128164
126736
121801
117649
121104
142884
139129
102400
116964
123201
114921
106929
139129
130321
192721
183184
180625
150544
160000
160000
177241
207025
181476
209764
183184
189225
120409
157609
130321
139129
153664
145161
132496
117649
123904
100489
93636
105625
101761
87025
82944
71289
70756
66049
83521
101761
108900
118336
105625
93025
87025
76729
78961
85264
105625
87025
76176
70756
76729
72900
96721
129600
119716
151321
119025
125316
114921
164025
161604
157609
144400
123201
111556
114921
450241
872356
518400
529984
436921
435600
366025
281961
230400
179776
162409
186624
198025
178929
139876
129600
97969
76176
77284
73441
82944
90000
111556
99225
158404
150544
140625
133956
136161
142129
134689
143641
156816
171396
190096
174724
190969
159201
156025
136161
141376
173889
152100
158404
107584
203401
156816
177241
173889
184041
175561
164836
176400
162409
131044
121801
109561
114921
136900
135424
181476
1771561
1982464
1565001
1485961
1368900
1352569
1225449
1018081
872356
861184
760384
705600
657721
719104
669124
617796
617796
535824
509796
498436
505521
448900
425104
398161
385641
393129
399424
385641
366025
336400
305809
279841
224676
190969
210681
196249
219024
247009
254016
214369
201601
196249
170569
156025
147456
155236
163216
156025
156025
150544
153664
151321
145161
145161
135424
138384
128881
123201
124609
115600
88804
83521
96100
88209
97344
105625
108900
121801
114244
107584
116281
98596
82944
94864
86436
94249
114921
111556
109561
119025
119716
147456
150544
163216
160801
162409
137641
127449
142129
116964
136900
147456
145924
160000
176400
172225
171396
149769
126736
123201
96100
126025
135424
139876
128881
154449
180625
153664
169744
152881
131769
136900
122500
162409
160000
157609
129600
124609
125316
153664
169744
110889
127449
121104
142129
119025
89401
91204
79524
67081
118336
118336
123904
121104
115600
92416
108900
98596
90000
75625
70225
73984
72900
66564
91204
96100
94864
103684
108241
144400
132496
184041
187489
180625
164836
159201
147456
158404
168100
155236
198025
230400
231361
208849
181476
191844
197136
226576
221841
235225
223729
195364
194481
174724
180625
207025
219024
234256
233289
187489
189225
155236
103684
93636
108900
94864
106929
410881
552049
462400
241081
240100
227529
216225
218089
232324
203401
196249
181476
220900
208849
175561
134689
129600
94249
116281
125316
146689
131044
128164
128164
112225
100489
94249
94864
124609
129600
152881
171396
164025
165649
163216
136161
126736
141376
128164
126736
125316
123904
121801
137641
150544
142129
98596
176400
108900
108241
88209
91204
87025
101124
116964
129600
139876
131044
155236
137641
134689
139876
142129
2483776
2119936
1915456
1721344
1483524
1420864
1263376
1060900
1092025
923521
819025
708964
648025
613089
537289
552049
535824
473344
421201
315844
314721
286225
299209
298116
284089
334084
304704
314721
285156
238144
252004
245025
249001
273529
230400
278784
268324
240100
265225
256036
272484
245025
229441
196249
179776
160801
144400
163216
158404
172225
183184
176400
177241
163216
159201
148996
157609
151321
144400
148996
141376
139876
126025
127449
130321
132496
139129
130321
138384
128164
136900
154449
164836
159201
155236
155236
164025
162409
171396
126025
115600
106929
102400
97969
116281
123904
136161
119716
104329
164836
151321
150544
145924
138384
126736
116964
156025
153664
158404
160000
151321
126025
150544
123904
144400
128164
139129
111556
100489
100489
76176
95481
95481
106929
114921
122500
128164
123904
138384
132496
128881
108241
116281
136900
147456
201601
194481
222784
213444
225625
181476
152100
156025
135424
148996
171396
184900
167281
160000
151321
151321
163216
129600
136161
130321
119716
125316
91809
84100
78961
81796
76729
71289
91204
109561
128164
110889
102400
110224
99856
101124
80089
94864
137641
119025
120409
123201
123904
97344
111556
101761
116281
108900
98596
94864
93636
90000
93636
88804
114244
119025
142884
152100
144400
144400
322624
1046529
715716
651249
597529
568516
553536
492804
552049
582169
532900
474721
389376
362404
313600
273529
239121
243049
237169
232324
233289
219961
205209
199809
166464
171396
153664
168921
143641
134689
123201
107584
112896
102400
116281
114244
130321
108900
112896
97969
107584
112896
90601
77841
124609
177241
107584
117649
84100
69696
91809
106929
106929
110889
121104
128881
121801
131769
142884
140625
148225
1532644
2134521
2117025
1517824
1542564
1299600
1263376
1044484
994009
960400
898704
786769
772641
649636
506944
492804
362404
302500
306916
315844
328329
279841
255025
207025
198916
209764
213444
192721
229441
233289
257049
251001
216225
237169
221841
214369
202500
194481
214369
220900
200704
227529
213444
215296
215296
206116
183184
152100
144400
139129
147456
148225
136900
172225
157609
167281
136161
116281
138384
97969
94864
114921
103684
140625
106276
116281
106929
131044
118336
133956
156816
121801
141376
146689
140625
129600
126025
97344
99225
87025
108241
133956
120409
119716
128881
104329
114244
99225
116964
116964
132496
137641
130321
147456
165649
139876
156025
143641
168921
142884
129600
129600
114244
97969
86436
80656
72900
84100
78400
84681
103684
97969
102400
126736
133225
124609
128164
101761
96100
88209
133225
142884
168100
181476
190969
195364
200704
166464
137641
110889
91809
96721
107584
126736
133956
94864
79524
83521
88209
82369
85849
91204
96100
88804
90601
78961
84681
85264
88804
78961
92416
90601
93025
105625
122500
145924
136161
135424
123904
124609
136161
172225
186624
165649
179776
178929
188356
177241
157609
145161
172225
160801
160801
173056
182329
148225
155236
141376
157609
172225
232324
236196
202500
142129
175561
159201
167281
161604
651249
680625
613089
368449
363609
290521
255025
208849
189225
177241
163216
155236
113569
108900
113569
127449
137641
120409
110224
115600
115600
155236
179776
220900
199809
191844
161604
142884
131769
142884
164025
188356
177241
172225
174724
166464
175561
184900
138384
152100
128881
142884
152881
140625
206116
202500
205209
184041
166464
141376
111556
112896
96721
94864
103041
100489
110889
125316
97344
97344
100489
101761
1044484
2808976
2131600
1996569
1817104
1653796
1607824
1498176
1297321
1121481
1067089
921600
835396
688900
649636
559504
459684
474721
413449
321489
298116
261121
273529
226576
211600
159201
158404
121104
139129
167281
187489
169744
172225
160000
152100
145924
117649
110224
131769
128164
133225
121801
121104
115600
115600
117649
133956
136161
152100
136900
142129
148225
148225
130321
150544
166464
186624
186624
157609
149769
142884
153664
136900
160801
167281
164836
151321
155236
156025
148996
124609
116281
85849
91204
94249
128164
128164
117649
124609
108241
114921
128164
145924
151321
130321
152881
141376
150544
129600
112896
106929
101761
106276
113569
131769
143641
139129
117649
110889
103041
89401
101124
94864
154449
187489
198025
179776
184900
182329
158404
148225
166464
152100
157609
156816
135424
133225
128881
137641
134689
110889
110224
90601
114244
86436
92416
101761
76729
66564
77284
94864
95481
101124
149769
131044
146689
152100
151321
124609
128164
109561
124609
117649
115600
120409
129600
117649
128881
122500
88209
103684
108241
117649
143641
131769
146689
173056
138384
142129
128164
154449
155236
172225
176400
149769
153664
156025
140625
120409
106276
101761
99225
127449
132496
127449
145924
123904
122500
150544
149769
141376
136161
148225
142884
136161
136900
508369
954529
494209
413449
447561
450241
414736
422500
364816
345744
304704
275625
272484
260100
265225
231361
246016
246016
223729
201601
175561
172225
173056
148996
142884
122500
128881
131769
158404
142884
132496
147456
143641
160000
148996
163216
141376
138384
123904
111556
125316
128881
151321
217156
200704
262144
167281
158404
121104
119716
91204
80089
100489
99856
112896
136161
118336
114244
118336
123201
235225
1999396
2184484
1682209
1734489
1399489
1406596
1249924
1172889
1096209
1010025
937024
829921
765625
746496
582169
499849
473344
438244
440896
403225
346921
321489
228484
224676
204304
164836
156025
142884
159201
146689
122500
113569
121801
121104
108241
108900
115600
116964
127449
163216
183184
181476
169744
171396
173889
162409
161604
156816
179776
159201
197136
185761
191844
169744
164025
147456
137641
147456
169744
153664
163216
166464
171396
177241
171396
163216
172225
139876
125316
123904
91809
97969
78961
81796
84681
81796
101761
87616
93025
109561
98596
80089
77841
76176
77841
76729
78961
124609
116281
132496
145161
116964
123904
128164
114244
145161
123201
132496
148996
139876
135424
139876
145161
145161
142129
116964
145924
123201
128164
117649
105625
80089
142884
144400
163216
161604
173056
139129
162409
140625
119025
83521
94249
94249
92416
116281
122500
167281
161604
162409
157609
148225
156816
165649
161604
160000
153664
143641
155236
160000
172225
178084
213444
214369
194481
184900
164836
144400
119716
100489
99225
101124
110224
103684
82369
87616
106276
90601
82944
77841
87025
82369
67081
103684
101761
94864
85849
90601
91809
93025
101124
105625
115600
121104
126736
119716
118336
107584
85849
97344
97969
88804
115600
136161
142129
156025
164025
678976
432964
739600
450241
470596
443556
430336
498436
461041
431649
412164
368449
311364
293764
294849
312481
291600
255025
255025
219961
232324
244036
235225
229441
207936
198916
192721
170569
161604
140625
156816
159201
164025
161604
151321
152881
136161
116964
99225
94249
97344
85264
106929
105625
99225
207025
172225
228484
159201
179776
142884
166464
157609
139129
144400
138384
105625
106276
103684
105625
120409
150544
797449
2788900
2088025
2140369
1887876
1666681
1512900
1478656
1347921
1245456
1207801
1104601
1096209
1081600
990025
940900
819025
767376
741321
640000
600625
538756
481636
427716
446224
442225
407044
430336
360000
363609
310249
261121
235225
213444
190969
259081
207936
212521
166464
150544
146689
132496
128881
104329
91204
99225
76729
72900
77841
80656
84100
88804
84100
91204
103684
126025
126736
140625
121801
110224
110224
90000
101761
97969
122500
143641
149769
176400
168921
188356
153664
153664
144400
137641
148225
130321
142884
138384
159201
181476
210681
168100
179776
172225
164025
136161
110224
93636
108900
104329
99225
114921
116281
144400
134689
216225
191844
196249
159201
164836
139876
147456
135424
165649
188356
186624
184900
176400
159201
167281
161604
168100
148996
150544
152100
136900
145924
142884
165649
204304
218089
213444
202500
143641
147456
120409
152100
152100
171396
149769
153664
152881
151321
145161
108241
99225
93636
80089
99225
97969
83521
136161
93025
99225
71824
81225
74529
95481
81225
68644
74529
87616
91809
91204
87616
78400
121104
133956
138384
165649
149769
153664
131044
139129
110224
101761
105625
94249
114244
112896
123904
91809
81796
81796
99225
101124
94864
107584
129600
136900
129600
89401
119025
106929
110889
133956
339889
724201
452929
369664
304704
264196
252004
236196
219961
173056
168100
131769
145924
147456
180625
164025
198916
168921
171396
162409
158404
157609
184041
164836
172225
164025
161604
167281
177241
162409
170569
180625
171396
156816
140625
131044
149769
136161
139129
150544
156025
145161
136161
139129
162409
246016
184900
177241
162409
161604
174724
168921
190096
177241
190969
201601
198916
219961
215296
222784
166464
1747684
2022084
1488400
1488400
1274641
1223236
1140624
1159929
1136356
1087849
1062961
980100
835396
822649
710649
675684
600625
641601
552049
498436
519841
470596
451584
423801
388129
401956
368449
311364
301401
286225
289444
289444
273529
297025
299209
241081
280900
198025
182329
168921
146689
119025
119716
120409
142129
85849
88209
86436
93025
94249
101761
100489
82944
80656
84681
83521
75625
72361
72900
75625
81796
81225
99856
90601
114244
114244
112896
96721
79524
77284
74529
72361
80089
86436
126025
128164
126025
131769
125316
135424
111556
109561
120409
109561
111556
128881
122500
125316
142129
115600
123201
119716
133956
136161
145924
133225
138384
113569
124609
142129
139876
126736
160000
164025
183184
150544
156025
131044
150544
121801
110224
147456
170569
171396
139129
165649
117649
126736
124609
118336
117649
95481
91204
68644
82369
79524
108241
105625
140625
123201
120409
123904
133956
92416
98596
88804
89401
94864
97344
123904
131769
126025
158404
173056
167281
169744
157609
148225
148225
152881
160000
131769
145924
129600
124609
122500
134689
179776
207025
209764
168921
172225
136900
123201
108900
108241
112896
100489
119716
123201
108241
111556
77841
76729
73441
79524
68644
76176
72361
110889
107584
108900
112225
114921
116964
133956
124609
483025
594441
624100
344569
379456
367236
312481
314721
267289
294849
314721
349281
341056
358801
362404
266256
250000
220900
207936
228484
217156
239121
253009
272484
281961
246016
245025
235225
250000
227529
196249
185761
156025
131044
148225
134689
142129
164836
181476
162409
163216
119025
103684
82369
87025
128164
139129
129600
77841
72900
75076
79524
91204
123904
114921
133225
127449
123201
128164
137641
161604
168100
133225
2439844
1827904
1985281
1555009
1425636
1216609
1207801
1138489
1040400
1042441
964324
790321
712336
690561
616225
550564
516961
522729
519841
474721
434281
442225
438244
369664
348100
383161
334084
341056
344569
361201
357604
324900
300304
313600
270400
285156
270400
222784
230400
238144
228484
262144
256036
260100
234256
198916
191844
179776
195364
148996
140625
140625
159201
142884
126025
118336
112896
106929
101124
80089
82369
70756
74529
76176
76176
73441
85264
89401
84100
106276
110224
133956
145924
123904
112225
106929
101761
92416
108241
129600
136900
134689
181476
181476
175561
175561
172225
135424
121104
88804
97344
126025
147456
139129
142129
148225
152881
167281
148225
142884
156025
156025
168921
189225
217156
214369
205209
191844
173056
209764
184041
203401
190969
173889
135424
142884
137641
153664
153664
129600
127449
130321
138384
128164
123201
107584
92416
107584
93636
92416
96721
99856
103684
107584
119025
144400
132496
162409
177241
198916
184041
177241
156025
168100
148996
147456
174724
234256
236196
230400
251001
244036
221841
199809
237169
240100
236196
203401
239121
228484
227529
212521
255025
262144
238144
255025
264196
225625
234256
190969
202500
186624
201601
204304
203401
229441
197136
184900
150544
133225
120409
107584
102400
109561
165649
374544
820836
1229881
788544
632025
594441
564001
470596
451584
414736
367236
323761
297025
257049
276676
280900
246016
193600
184041
156816
130321
119716
136900
168100
142129
153664
122500
113569
94249
68644
72361
70225
73984
68121
80656
75625
78400
68121
86436
82369
86436
88804
91809
87025
87025
152100
165649
136900
126025
142129
133956
113569
91809
106929
93636
121104
136900
145161
148996
165649
156025
1285956
2030625
1999396
1522756
1392400
1295044
1147041
894916
793881
770884
700569
627264
649636
567009
540225
498436
450241
459684
404496
368449
361201
331776
304704
330625
268324
302500
354025
316969
350464
280900
216225
218089
202500
212521
223729
228484
239121
230400
237169
216225
148225
198025
169744
203401
205209
219961
221841
208849
181476
168921
169744
178929
174724
155236
140625
138384
135424
145924
142129
148996
145924
150544
151321
152881
150544
148996
113569
95481
99225
96721
105625
108241
116281
112896
103684
114244
114244
123904
98596
97344
91204
84100
106929
97344
100489
101761
102400
103041
112896
142129
132496
148225
139876
128164
135424
129600
134689
130321
133956
142884
164025
180625
199809
250000
198025
191844
163216
142884
138384
147456
136900
180625
182329
169744
172225
152881
142884
142884
134689
110889
120409
108241
114921
116281
130321
113569
127449
116964
156025
135424
146689
195364
208849
190969
161604
129600
125316
112225
121104
112225
131044
131769
138384
136900
120409
126025
128881
93636
91204
142129
121801
117649
119025
119025
119716
144400
131769
126736
136900
144400
132496
139129
116964
120409
99225
77284
97344
106276
128164
128164
141376
144400
125316
117649
124609
128164
135424
138384
134689
176400
176400
176400
164836
161604
172225
159201
160000
175561
485809
632025
469225
355216
369664
357604
301401
257049
203401
198916
196249
203401
183184
184900
212521
194481
173889
156816
118336
141376
142129
123201
127449
126025
129600
135424
158404
142884
158404
168921
174724
164836
170569
164025
178084
194481
176400
187489
178929
173889
173056
168921
152100
156816
251001
284089
228484
248004
176400
142129
112896
126736
109561
97344
113569
103684
121801
114921
110889
114244
109561
123904
1113025
2608225
1960000
2114116
1863225
1809025
1669264
1530169
1315609
1313316
1232100
1065024
1050625
931225
770884
659344
624100
535824
497025
501264
442225
370881
329476
292681
250000
201601
227529
213444
196249
216225
219024
216225
189225
206116
207025
207936
214369
184900
180625
168100
199809
173889
171396
175561
155236
152881
139129
142884
143641
151321
167281
179776
219024
227529
238144
200704
198025
177241
188356
186624
173056
166464
191844
170569
162409
178929
182329
148225
124609
122500
119025
105625
106929
96100
91809
87025
94864
98596
113569
108241
108900
113569
121801
112225
116281
108241
98596
93636
131044
122500
147456
152100
135424
162409
148225
144400
151321
118336
124609
126025
130321
140625
174724
167281
156025
176400
157609
159201
174724
142129
100489
82369
80089
69169
82369
84100
114921
95481
107584
98596
132496
133956
158404
153664
130321
110889
106929
113569
129600
149769
132496
114244
130321
133225
169744
192721
207025
205209
199809
207025
201601
206116
194481
187489
184900
199809
210681
249001
251001
205209
182329
171396
145161
150544
186624
238144
231361
224676
219961
224676
186624
167281
149769
140625
114244
136900
152881
136161
131769
143641
112225
125316
123904
129600
139876
131769
101124
119025
112896
98596
101761
102400
114921
134689
139876
184041
391876
870489
506944
481636
380689
401956
385641
396900
381924
381924
393129
360000
385641
388129
361201
341056
335241
315844
280900
252004
271441
219961
172225
220900
189225
221841
227529
198025
165649
160801
146689
118336
142884
132496
141376
148996
130321
128164
115600
121104
126736
110889
108900
183184
106929
178929
122500
108241
85264
92416
86436
94249
82944
93636
105625
107584
88804
87025
88804
85264
152881
2050624
2232036
1779556
1697809
1664100
1587600
1263376
1108809
1075369
968256
822649
815409
736164
652864
570025
529984
473344
416025
393129
272484
244036
261121
252004
191844
202500
187489
195364
150544
159201
130321
119716
72361
80656
80089
98596
86436
81796
75076
86436
93025
96100
130321
126025
152881
161604
165649
174724
190096
187489
188356
198025
163216
172225
156816
157609
159201
191844
190096
223729
197136
186624
152100
135424
129600
111556
110889
112896
118336
123904
121104
114921
92416
93636
97969
114921
108900
120409
110224
114244
114244
113569
106276
123904
113569
126025
104329
133225
135424
178084
164836
157609
139129
135424
146689
142884
175561
204304
201601
211600
209764
218089
190969
175561
148996
143641
152881
152100
164025
179776
162409
163216
120409
142884
135424
156816
126736
131769
110889
97969
81796
97969
88209
96100
116281
108241
123201
126025
101761
91809
82369
82944
79524
82944
110889
136161
172225
156025
163216
158404
129600
147456
99856
91809
78961
94249
102400
99856
105625
114244
132496
126736
116281
123201
128164
123201
108241
105625
92416
94864
78961
78961
73984
84681
145161
162409
180625
159201
145161
145161
113569
108241
137641
116281
147456
132496
143641
141376
172225
161604
144400
136900
126736
128881
136161
120409
128881
129600
866761
553536
819025
514089
583696
501264
487204
471969
390625
368449
332929
278784
274576
264196
326041
303601
310249
253009
217156
172225
147456
142129
150544
144400
137641
139876
130321
117649
102400
96100
80656
83521
86436
101761
78400
93636
93025
82944
77841
74529
84681
93025
124609
141376
123904
291600
176400
269361
185761
198025
184900
171396
184041
153664
179776
178929
188356
156816
149769
159201
139876
143641
116281
2722500
2062096
1996569
1776889
1705636
1595169
1550025
1483524
1380625
1238769
1265625
1058841
958441
851929
743044
675684
582169
614656
559504
483025
494209
401956
356409
341056
294849
250000
228484
206116
181476
172225
184041
149769
135424
136161
141376
122500
115600
95481
113569
93025
87025
82944
84681
102400
86436
97344
101124
107584
123201
111556
116281
138384
139876
128881
155236
160000
135424
144400
134689
125316
126025
128881
154449
154449
157609
158404
121801
113569
94249
95481
84681
77841
90601
106276
132496
146689
142884
141376
132496
128164
108241
103684
97969
98596
99225
112225
126736
130321
146689
139876
140625
113569
131044
136161
108241
110224
121104
93636
81796
79524
87616
160801
178084
159201
155236
142884
135424
102400
90601
82369
68121
76176
82369
99225
91204
100489
156025
142129
135424
131769
149769
123904
78400
152881
147456
153664
175561
136900
140625
135424
149769
211600
211600
181476
156025
112225
103041
85849
101124
104329
88804
79524
82944
82944
90601
93636
136900
164025
149769
148996
145161
151321
148225
156025
121801
103041
96100
97344
111556
133225
148996
172225
172225
171396
170569
154449
133225
145924
130321
123904
159201
151321
165649
157609
130321
122500
110889
88209
85264
80656
88209
96100
107584
97969
166464
205209
576081
338724
294849
239121
198025
238144
244036
209764
232324
212521
173889
176400
163216
150544
178084
184900
205209
227529
173056
217156
178084
158404
163216
176400
192721
198916
230400
195364
235225
219024
211600
184041
164836
165649
164025
139876
140625
127449
127449
131769
164836
158404
143641
162409
271441
193600
184900
156025
143641
147456
171396
159201
171396
167281
157609
160000
147456
146689
119716
123201
1267876
2322576
1532644
1803649
1542564
1290496
1340964
1196836
1153476
1085764
1119364
1034289
896809
904401
737881
662596
633616
570025
571536
544644
528529
549081
488601
467856
374544
327184
357604
287296
294849
274576
275625
275625
262144
242064
201601
202500
195364
201601
176400
164025
110889
84100
96721
83521
124609
148996
114921
122500
114244
108241
79524
94864
76176
93025
84681
96721
90601
103684
102400
125316
126736
119716
116281
120409
127449
110224
148225
130321
109561
106276
85849
88804
91809
113569
106929
126025
136161
145161
123904
121104
114921
110224
105625
121801
120409
122500
137641
123201
130321
161604
164836
178084
167281
185761
201601
173889
167281
117649
110889
88804
92416
100489
112225
126025
106276
87616
74529
78400
90601
91204
84100
90000
101124
123201
114921
146689
135424
131769
116281
158404
135424
149769
150544
156816
161604
139876
177241
162409
169744
178929
176400
168921
180625
185761
237169
257049
243049
233289
220900
207025
230400
233289
215296
227529
210681
208849
184900
189225
164836
188356
202500
198916
175561
161604
161604
180625
162409
145924
147456
134689
119716
106929
95481
82944
90000
82944
84681
81796
82944
88804
96100
124609
139129
161604
148225
148996
164025
168921
142129
207025
166464
158404
161604
164836
167281
174724
173056
462400
585225
599076
327184
399424
398161
326041
298116
314721
332929
329476
332929
330625
299209
293764
238144
200704
198916
171396
160801
166464
167281
165649
156816
179776
171396
160801
152881
169744
154449
124609
101761
98596
97969
101124
94864
123201
118336
107584
119025
99856
101761
120409
123904
116964
126025
139876
126736
81225
103684
95481
105625
112225
107584
118336
135424
135424
140625
131044
125316
116281
113569
112225
2611456
2190400
1948816
1587600
1597696
1515361
1478656
1428025
1361889
1201216
1155625
1026169
968256
851929
776161
744769
670761
695556
667489
659344
550564
508369
492804
438244
421201
390625
400689
396900
334084
354025
346921
324900
341056
344569
297025
269361
269361
241081
202500
198916
195364
189225
184900
195364
183184
148996
143641
129600
107584
97969
91809
83521
82944
81796
90601
94864
81225
89401
85264
99225
124609
80089
124609
123904
119716
94249
99856
85849
82369
90601
104329
114244
119716
118336
131044
112896
119025
113569
101761
85264
96721
102400
106929
111556
123904
119025
130321
148225
97969
106276
107584
96100
100489
108241
98596
94864
76729
82944
93636
90601
110889
108900
103041
94249
110224
83521
78961
86436
90000
114244
88804
111556
107584
120409
123904
130321
134689
146689
126025
123201
112225
130321
112896
111556
123201
118336
98596
126736
140625
131044
136161
149769
140625
143641
116964
151321
165649
165649
174724
190096
173889
123201
119025
86436
114244
99225
110224
103684
120409
114244
104329
112896
121104
116964
129600
138384
126025
110224
88804
69696
84100
94249
85849
92416
110224
85264
84681
78400
73984
94864
164836
141376
137641
128881
122500
136161
152100
156816
160000
145924
142129
152881
162409
194481
177241
198916
336400
616225
398161
310249
320356
289444
268324
246016
179776
160000
138384
121801
94864
99225
77284
95481
92416
72361
85264
76176
85264
84100
99856
109561
111556
103041
114244
118336
116964
99225
101124
88209
79524
93636
101124
131769
152881
142884
136900
134689
129600
131769
122500
119025
192721
269361
208849
175561
189225
178084
176400
183184
193600
204304
220900
219961
195364
199809
189225
172225
1190281
2119936
1822500
1447209
1138489
1108809
1140624
962361
927369
877969
863041
779689
678976
625681
611524
608400
541696
509796
483025
494209
471969
412164
418609
401956
310249
335241
306916
289444
274576
260100
267289
276676
287296
241081
232324
224676
190096
179776
188356
182329
172225
193600
178929
192721
160801
136161
119025
108241
100489
114244
116964
111556
102400
81796
91204
108241
103041
116281
127449
114244
108241
102400
103684
101124
105625
98596
94864
83521
121104
117649
154449
136161
142884
137641
136161
131044
121104
125316
116281
126736
131769
120409
126736
127449
128164
124609
140625
166464
168100
166464
176400
139876
131044
101124
108900
108900
106276
116281
118336
96100
110889
109561
103684
97344
82369
116964
122500
136900
137641
140625
158404
132496
170569
177241
224676
209764
209764
180625
172225
135424
148225
111556
120409
123201
172225
188356
173056
156025
146689
112225
96100
101124
111556
110889
110889
108900
85264
72900
77841
71289
78400
85849
87616
112225
95481
103041
78961
85849
86436
76176
81225
109561
139129
136900
170569
181476
178929
192721
213444
199809
186624
167281
189225
207025
204304
192721
200704
188356
188356
189225
186624
176400
173889
161604
169744
144400
152100
152100
158404
158404
175561
185761
176400
155236
146689
117649
115600
84100
644809
611524
534361
315844
303601
243049
228484
199809
151321
108241
95481
98596
114244
123201
114244
98596
112896
72361
72900
67600
88209
91204
121104
142129
134689
128881
112225
91204
81225
80656
91809
117649
91809
103684
99225
121104
114244
112225
103684
123904
97344
114921
110889
123904
133225
198916
207936
183184
178084
148225
149769
134689
126736
123904
109561
100489
97969
91204
106276
117649
142884
142884
1073296
2653641
2064969
1968409
1827904
1600225
1483524
1425636
1188100
1157776
1056784
970225
870489
748225
732736
616225
522729
487204
466489
487204
451584
410881
409600
374544
337561
288369
290521
283024
265225
295936
309136
343396
309136
260100
267289
238144
224676
222784
259081
270400
276676
227529
240100
226576
221841
194481
164025
164836
166464
149769
152881
159201
144400
158404
169744
153664
176400
168100
170569
173056
139876
123904
145161
141376
153664
165649
172225
158404
146689
114921
119025
99225
86436
87025
69696
67600
77841
107584
96721
126025
118336
131044
123904
119716
133956
145161
152881
156025
119716
109561
97344
99856
93025
89401
110889
121801
142129
131769
128164
119025
99225
102400
84681
99225
82944
137641
167281
154449
171396
158404
173889
145161
204304
168100
180625
156025
158404
138384
166464
138384
120409
131044
123904
125316
118336
107584
117649
80656
76729
78961
85849
99856
84100
81796
73441
160000
184900
193600
187489
172225
164836
152100
171396
184041
177241
180625
160801
175561
164836
165649
207936
209764
219024
188356
191844
209764
181476
173889
125316
118336
99856
126025
135424
148996
148225
167281
156816
123201
116964
112896
87025
94864
110889
139129
159201
138384
152881
148996
145161
152100
191844
207936
184041
188356
163216
175561
372100
925444
577600
619369
499849
466489
476100
465124
430336
398161
401956
378225
344569
349281
329476
295936
316969
313600
342225
297025
252004
219024
221841
195364
177241
144400
147456
128164
119025
103041
121104
101124
119025
129600
133956
109561
110889
97344
102400
91809
86436
97344
106276
115600
198025
232324
150544
120409
101761
96100
81225
91204
97344
96100
92416
102400
96100
94864
98596
95481
189225
2016400
2149156
1661521
1607824
1485961
1343281
1170724
1096209
960400
992016
792100
776161
644809
538756
473344
388129
423801
375769
358801
320356
286225
281961
207025
201601
160801
194481
181476
165649
152100
149769
148225
173056
148225
168921
148225
112225
120409
121801
142129
114921
158404
148225
152100
129600
133956
101761
110224
119025
108900
135424
141376
133956
121801
149769
164836
162409
160000
138384
160000
157609
165649
152100
142884
139129
138384
146689
150544
164836
150544
136900
133956
97344
84681
94864
79524
90000
101124
101124
111556
110224
103684
97969
89401
94249
80089
61504
69169
76176
67600
71824
70756
81796
97344
103684
95481
109561
88209
93636
84681
96721
110889
98596
97969
96721
113569
129600
149769
193600
194481
184900
173056
146689
139129
132496
132496
128164
157609
161604
162409
155236
156816
147456
114244
118336
104329
117649
126025
94249
89401
126736
114921
105625
94249
92416
101761
90601
82944
99856
90000
85264
94864
103041
93025
141376
108900
101761
94864
95481
99856
88209
103684
75625
101124
83521
88804
108900
94249
111556
98596
133225
114921
142884
125316
134689
133956
128164
145924
123904
110889
118336
108900
115600
122500
147456
125316
128881
115600
99225
97344
87025
105625
103684
126025
138384
146689
149769
158404
762129
688900
835396
425104
504100
443556
398161
421201
341056
306916
297025
315844
298116
263169
225625
228484
199809
178929
125316
127449
137641
144400
118336
123201
97969
87025
82369
72900
77284
87616
90601
77841
76176
80089
75625
99225
128881
148996
136900
146689
138384
101761
73441
93636
87616
208849
90000
180625
136161
136900
128164
153664
168921
145924
162409
153664
176400
161604
128881
123904
152881
137641
148225
3115225
2262016
2337841
1976836
1774224
1803649
1684804
1394761
1375929
1276900
1108809
1162084
996004
870489
788544
736164
638401
531441
483025
412164
328329
330625
309136
256036
195364
210681
194481
173889
167281
117649
110889
103684
102400
117649
118336
112225
108900
91204
85264
85849
76729
93025
98596
123201
136161
117649
98596
106276
99856
100489
121104
123201
123201
109561
142129
158404
164836
167281
164025
183184
193600
185761
194481
169744
172225
179776
178929
196249
225625
220900
187489
190096
168100
142884
149769
147456
133225
128164
146689
175561
158404
164025
160000
127449
86436
71289
73441
85264
94864
91204
92416
121801
97969
117649
93025
111556
117649
112225
93636
121801
121801
123201
109561
116281
97344
110224
127449
119716
131769
142884
110889
111556
91204
80089
105625
112225
114244
121801
131044
126736
154449
129600
98596
93636
81796
81796
103041
67600
91204
122500
114244
108900
94864
106929
120409
129600
164025
120409
123201
140625
142129
125316
123904
118336
102400
100489
119025
142884
154449
165649
175561
137641
112225
119025
123201
119716
131044
145161
148996
165649
188356
161604
150544
139129
136161
127449
139129
95481
85264
85849
86436
81796
90000
101124
107584
126025
123201
117649
112896
97344
87025
91809
112225
119716
119716
166464
619369
343396
364816
323761
289444
277729
245025
246016
255025
228484
233289
194481
177241
185761
197136
202500
202500
208849
200704
174724
160000
165649
158404
101124
133225
138384
157609
170569
190096
195364
196249
170569
149769
136161
119716
114244
122500
136900
144400
154449
153664
178084
139876
184041
227529
195364
192721
167281
145161
128164
113569
128164
119716
120409
102400
88209
77284
94249
95481
75076
1537600
2362369
2064969
1716100
1612900
1478656
1406596
1317904
1256641
1181569
1081600
998001
840889
840889
678976
680625
624100
527076
561001
506944
506944
407044
334084
337561
292681
233289
232324
207025
219961
200704
180625
182329
149769
183184
164025
127449
124609
87616
74529
68121
63504
94864
91204
71824
69169
79524
81796
96721
99856
101761
105625
122500
101124
96721
92416
84681
95481
115600
128164
112896
115600
112896
141376
136161
131044
149769
156025
137641
136161
133225
135424
111556
134689
141376
163216
169744
170569
176400
178929
170569
160000
136161
127449
144400
142129
165649
133225
183184
183184
178084
164836
157609
164025
153664
176400
184041
178929
176400
156816
168100
133225
148996
133956
128164
125316
110889
110889
91809
82369
97969
91204
81796
108241
136161
148996
162409
170569
168100
129600
141376
128164
133956
131769
143641
131044
114921
109561
105625
112896
133956
129600
129600
113569
112225
93636
88804
105625
107584
129600
125316
99856
90601
97969
78961
80656
91204
84681
89401
97344
89401
110889
88209
116281
119025
108900
142129
126736
136900
126025
126025
122500
102400
116281
116281
121801
110224
152100
149769
122500
172225
158404
162409
141376
122500
109561
106929
109561
139129
153664
172225
196249
194481
171396
160801
147456
192721
196249
427716
811801
755161
577600
463761
450241
477481
458329
451584
478864
499849
443556
396900
336400
271441
240100
216225
247009
249001
269361
270400
198025
174724
159201
160000
140625
128881
119716
98596
123201
111556
99225
100489
90601
101761
85264
87616
80656
94249
97969
96100
99856
103684
91204
92416
170569
223729
235225
189225
217156
208849
249001
203401
180625
157609
139876
148996
166464
160000
210681
192721
212521
199809
1792921
2486929
1909924
1874161
1682209
1432809
1387684
1366561
1216609
1089936
996004
921600
952576
848241
799236
781456
725904
724201
638401
571536
502681
483025
512656
528529
499849
504100
483025
408321
349281
329476
285156
259081
283024
260100
251001
250000
227529
207936
210681
190969
157609
148996
161604
167281
168921
148996
131769
131769
142884
134689
137641
145161
153664
153664
107584
135424
101124
110889
97969
93025
91204
106276
106276
115600
120409
125316
84681
112896
96100
89401
96100
111556
135424
136161
128881
147456
118336
141376
122500
93025
87025
83521
97344
95481
90601
81225
89401
88209
97344
91204
92416
84681
100489
95481
78400
71289
68644
72900
76729
68644
67600
87025
81225
105625
112896
119716
130321
124609
109561
122500
119716
124609
126025
120409
126025
108241
151321
169744
183184
168921
164025
186624
190096
161604
182329
114921
110224
142884
160000
146689
142129
179776
222784
207025
179776
152881
148996
139129
139876
140625
139876
124609
124609
125316
101124
85264
84100
76176
72361
78961
69696
82944
81225
76729
101761
109561
106276
126025
116964
136900
148996
164836
168921
161604
152881
136900
137641
139129
151321
177241
149769
156816
146689
140625
133225
118336
108241
72900
68121
70225
96100
95481
104329
108241
116281
222784
439569
929296
582169
390625
395641
368449
369664
403225
338724
314721
298116
250000
234256
195364
156025
115600
105625
114921
128881
130321
121801
112896
70225
89401
94249
99856
108900
126025
112896
112896
106276
108900
113569
111556
115600
142129
123201
132496
125316
136900
148996
152881
162409
142129
134689
193600
135424
100489
116964
125316
122500
148225
168921
168100
185761
148996
139876
112896
112896
99856
161604
2067844
1731856
1473796
1488400
1290496
1378276
1147041
1132096
1040400
931225
898704
846400
722500
734449
670761
643204
543169
546121
522729
519841
502681
534361
466489
394384
408321
360000
318096
316969
300304
361201
341056
336400
324900
311364
286225
224676
255025
235225
229441
198025
189225
158404
173056
142884
126736
139876
133225
131044
136900
123904
114244
111556
94864
88804
77841
89401
108900
112896
131044
136900
125316
112896
112896
82369
78961
77284
96721
78961
91204
96100
103041
114244
117649
96100
110889
111556
127449
120409
119025
128164
126025
114244
101124
97969
119025
126025
149769
136161
181476
150544
142884
152100
127449
128881
101761
98596
114244
93636
91204
84681
95481
93025
94249
93025
95481
107584
109561
126025
121104
136161
114244
121801
148225
151321
142884
155236
133225
152100
134689
136900
110224
85264
97969
89401
88209
103684
94249
165649
144400
168100
151321
159201
122500
110224
98596
129600
134689
133225
136900
142129
136900
128881
124609
107584
105625
111556
108900
99856
111556
106929
92416
82944
91809
104329
118336
122500
106276
133956
129600
112896
97344
90601
93025
89401
101124
84100
103684
108900
102400
101124
112225
99856
158404
140625
135424
150544
145924
143641
163216
136900
149769
148996
175561
178929
173056
198025
197136
491401
568516
440896
302500
297025
228484
253009
188356
150544
124609
116964
145924
153664
148996
133956
133956
127449
119716
133225
152100
150544
137641
128881
194481
185761
186624
197136
187489
202500
200704
163216
151321
151321
151321
142129
176400
169744
170569
153664
152100
145161
131769
114921
98596
89401
178929
126736
160000
133225
97969
95481
86436
85264
79524
87025
96721
99856
97344
101124
97344
115600
128164
970225
2433600
1758276
1943236
1684804
1560001
1378276
1254400
1199025
1115136
1100401
904401
925444
703921
678976
588289
555025
544644
538756
506944
458329
407044
341056
271441
281961
255025
270400
303601
267289
286225
263169
290521
286225
270400
256036
256036
232324
258064
246016
209764
209764
219024
266256
268324
278784
264196
198916
188356
184041
178929
196249
222784
236196
250000
230400
200704
196249
152881
145924
119716
117649
133225
145924
145161
142129
126736
147456
133956
139129
103684
111556
114921
116964
109561
114244
105625
105625
107584
99225
140625
176400
164836
180625
170569
155236
135424
110889
88209
101124
150544
145924
174724
173889
195364
196249
187489
179776
139129
148225
145924
130321
150544
134689
156025
153664
173056
204304
176400
182329
161604
171396
149769
183184
148225
125316
119025
127449
131769
143641
141376
128881
91204
88209
78400
77284
81225
75076
85264
67081
90601
81225
81796
67600
63504
77841
77284
70225
77284
96721
111556
114921
99856
126025
134689
126736
144400
171396
166464
175561
183184
170569
145924
118336
126736
133956
152100
146689
191844
131769
142884
134689
126736
124609
120409
126736
120409
112896
109561
95481
96721
107584
123201
125316
89401
110889
120409
142129
140625
135424
130321
108241
126736
129600
152100
168100
173889
471969
1123600
682276
660969
552049
524176
474721
444889
414736
401956
386884
410881
384400
343396
358801
331776
298116
222784
196249
159201
152100
122500
135424
161604
139129
129600
145161
121104
97344
84100
77841
67081
61009
70756
65025
69169
65536
84100
84681
92416
86436
93025
107584
99225
138384
137641
86436
93636
82369
83521
81796
90000
91809
94864
117649
131044
152881
155236
178084
138384
206116
1982464
2152089
1705636
1653796
1382976
1498176
1199025
1113025
1008016
887364
824464
779689
680625
628849
525625
553536
459684
399424
378225
336400
290521
243049
213444
205209
205209
224676
232324
219024
205209
186624
186624
160801
182329
207025
210681
229441
223729
190096
184041
181476
162409
170569
167281
151321
170569
194481
193600
253009
219024
246016
230400
213444
246016
223729
227529
207936
184041
164025
167281
193600
188356
216225
216225
223729
207025
222784
178084
147456
136900
120409
145161
126025
133225
146689
133956
131769
102400
123201
113569
123904
97969
87616
88804
91204
84100
67600
78400
87616
73984
77841
85264
105625
142884
133956
126736
122500
98596
102400
131044
162409
189225
178084
168921
153664
142129
136161
128164
131769
128881
107584
119025
124609
136900
142884
146689
126736
143641
155236
165649
139876
158404
123201
105625
99856
83521
112896
137641
126736
123201
192721
156025
156025
131044
142129
135424
134689
131044
148996
152881
121104
119716
109561
99225
97344
103041
101761
102400
111556
113569
107584
88209
81225
114244
79524
84681
102400
95481
129600
139876
215296
216225
222784
207936
182329
173056
177241
184041
164025
152100
159201
152100
157609
166464
190969
172225
150544
156816
125316
117649
121104
112896
128164
157609
158404
151321
131769
120409
544644
682276
643204
398161
461041
388129
384400
379456
318096
293764
258064
196249
184041
176400
151321
150544
131044
128164
147456
152881
149769
138384
132496
108241
132496
103041
108900
106276
114921
117649
115600
101124
99225
99856
80656
97969
132496
121801
131044
122500
130321
135424
112225
113569
129600
265225
242064
171396
164025
160000
168100
179776
174724
172225
183184
172225
163216
143641
132496
115600
136161
128881
131769
2910436
2334784
2292196
1929321
2053489
1768900
1572516
1315609
1336336
1144900
1056784
1022121
923521
861184
828100
727609
567009
511225
495616
423801
367236
344569
335241
288369
247009
184900
238144
198916
192721
150544
145924
146689
158404
165649
174724
180625
175561
138384
147456
117649
123201
141376
139876
176400
179776
146689
160000
131044
133225
108241
103041
133956
125316
127449
112225
116281
114921
123904
129600
125316
128164
127449
136161
125316
128164
116281
88804
136161
165649
148225
157609
174724
153664
121801
102400
80089
103684
96721
94249
95481
97344
114921
133956
146689
156025
142884
117649
114921
126736
124609
128881
106276
92416
107584
121801
90000
119025
109561
94249
106276
112225
108900
108900
96100
97969
97969
91204
94864
99225
123904
130321
133225
119025
152881
144400
147456
139129
149769
143641
170569
191844
257049
212521
217156
183184
200704
178084
162409
162409
148225
133956
129600
110889
97344
96100
143641
171396
168921
175561
180625
165649
145161
126736
139129
158404
175561
154449
168921
145161
142129
136900
87616
74529
64516
67081
62001
71289
78961
101761
120409
93636
97344
87025
90000
89401
92416
124609
101124
98596
88804
103041
101761
77841
88804
138384
123201
128881
117649
115600
99856
102400
115600
96100
114921
112896
256036
588289
741321
447561
386884
410881
394384
370881
379456
344569
361201
364816
311364
337561
321489
280900
304704
295936
276676
386884
350464
294849
250000
241081
223729
193600
221841
173889
168100
184900
145924
154449
126736
106929
110889
94864
96100
98596
114244
117649
124609
131044
132496
130321
173056
288369
260100
250000
193600
187489
155236
139876
125316
117649
121104
126736
120409
108241
91809
90601
76176
1440000
2362369
2125764
1731856
1625625
1473796
1525225
1283689
1113025
1079521
982081
866761
837225
772641
662596
602176
506944
463761
427716
373321
363609
297025
262144
231361
193600
147456
162409
144400
164025
173889
160801
162409
137641
117649
97344
90601
94249
102400
118336
97344
107584
107584
99225
88804
111556
128164
116281
112896
111556
146689
141376
175561
200704
189225
202500
178929
195364
160801
170569
187489
202500
195364
194481
190969
193600
158404
152881
120409
123201
108241
112896
130321
150544
151321
154449
176400
134689
158404
164836
188356
198916
174724
178084
180625
148996
155236
141376
150544
163216
184041
188356
211600
178084
176400
193600
178084
174724
167281
180625
172225
211600
187489
178929
164025
168921
151321
152881
137641
128164
138384
108900
108241
110889
116281
99225
111556
111556
97969
110224
106929
94249
91809
70756
72361
83521
76176
112225
101124
108241
121801
136161
121104
126736
131769
131044
115600
119716
112225
110889
111556
97344
114921
121801
116281
103684
116964
107584
102400
97344
103684
108900
112896
106276
115600
121801
152881
142884
126736
133225
131769
111556
114921
157609
141376
138384
122500
134689
160801
160801
184900
188356
186624
165649
112896
141376
121801
121801
113569
110889
136900
142129
136900
139129
138384
105625
101761
129600
96100
767376
656100
549081
552049
512656
477481
508369
463761
444889
448900
409600
381924
305809
284089
258064
249001
283024
272484
270400
264196
228484
186624
159201
127449
106276
106929
65536
88209
87616
79524
74529
88209
76176
64009
70756
72361
70225
87616
85849
80089
91204
78961
84681
74529
151321
163216
198025
146689
143641
158404
205209
184900
190096
155236
153664
131769
148996
150544
152881
145161
164025
160000
974169
2862864
2119936
2062096
1838736
1522756
1635841
1671849
1483524
1361889
1265625
1123600
1073296
1075369
1052676
902500
902500
781456
622521
558009
515524
509796
490000
473344
400689
381924
386884
321489
257049
222784
212521
234256
246016
246016
229441
230400
194481
168100
164025
151321
164025
136161
123904
117649
99856
121801
85264
82944
65536
72900
87025
86436
96721
110224
114921
126736
140625
112896
116964
102400
93025
97344
107584
117649
126025
123201
113569
119716
114921
101761
115600
90601
98596
94249
121801
116964
101124
141376
120409
157609
140625
129600
140625
130321
131044
106276
96721
97344
80089
94864
124609
119716
121104
96100
101124
99225
101124
91809
84100
76729
112225
135424
128881
153664
131044
136900
121104
122500
103041
98596
115600
107584
116281
129600
137641
121104
126025
104329
128881
128881
145924
145924
173056
166464
157609
128881
139876
145924
179776
168100
202500
152881
156025
138384
113569
89401
69696
117649
114244
139876
125316
115600
114921
106276
84681
82944
80089
80089
77284
81796
92416
70225
105625
106929
126736
127449
134689
116281
111556
176400
185761
188356
203401
194481
175561
168921
152100
129600
119025
124609
160000
183184
179776
191844
178929
179776
181476
163216
174724
150544
153664
188356
168100
176400
180625
166464
262144
559504
305809
279841
290521
279841
262144
243049
211600
215296
203401
158404
118336
119025
130321
162409
154449
178929
156025
143641
139876
117649
124609
123904
147456
156025
191844
194481
161604
173889
155236
143641
153664
152881
164025
176400
168921
168100
172225
177241
143641
150544
167281
155236
203401
249001
198025
145924
169744
162409
171396
203401
212521
209764
207936
187489
173889
139129
139876
153664
150544
1766241
2122849
1628176
1550025
1488400
1408969
1223236
1136356
1098304
1020100
956484
950625
828100
781456
693889
678976
660969
574564
603729
586756
519841
532900
474721
430336
404496
367236
385641
364816
328329
335241
330625
311364
291600
246016
231361
163216
178929
165649
164836
155236
153664
150544
185761
171396
161604
135424
123201
124609
123201
105625
101761
87616
90601
90601
84681
87025
87616
110224
101124
98596
106276
110889
109561
108241
76176
82369
99225
116281
124609
133956
136900
126736
110889
108900
121801
113569
111556
126736
116964
148996
145161
175561
176400
187489
187489
194481
184900
173889
190096
172225
154449
133956
133225
130321
136900
97344
108241
113569
118336
125316
116964
126025
99225
72900
88209
67600
97969
95481
98596
124609
152100
125316
138384
173889
136900
142884
139876
137641
127449
137641
127449
113569
131044
121801
152881
89401
81796
92416
110224
128164
111556
94864
81796
82369
75076
71289
102400
96100
126025
121801
126025
127449
168100
152881
164836
170569
183184
164836
221841
210681
225625
198025
195364
213444
219961
162409
123201
114244
108900
110224
112896
128164
142884
116964
102400
112896
114921
109561
87616
96721
111556
120409
124609
125316
119025
127449
127449
142129
155236
151321
158404
121801
112225
128164
121801
121801
116281
579121
311364
528529
302500
329476
343396
332929
273529
243049
208849
180625
174724
166464
157609
213444
202500
193600
207936
188356
179776
169744
198025
185761
183184
165649
159201
158404
162409
165649
165649
166464
160000
142884
124609
103041
113569
101761
99856
107584
107584
111556
119025
129600
118336
95481
131044
106276
134689
88209
91809
97969
92416
93636
108900
101761
117649
121104
131044
126025
136900
164836
168921
429025
2117025
1836025
1690000
1542564
1633284
1345600
1201216
1132096
1038361
850084
831744
801025
741321
722500
649636
636804
561001
514089
432964
417316
458329
417316
439569
408321
366025
401956
374544
414736
383161
318096
324900
311364
293764
246016
255025
217156
226576
238144
213444
191844
156025
122500
105625
109561
108900
110889
117649
136161
145924
115600
135424
124609
118336
96721
108900
127449
131044
128881
129600
129600
139876
136161
139876
139129
148996
148996
136900
155236
124609
123904
136900
136161
139876
148996
126025
143641
136161
142884
137641
116964
95481
101124
88209
97344
114244
116964
121801
158404
155236
158404
155236
141376
136900
111556
84681
97969
88804
110224
97344
105625
96100
95481
112896
124609
112896
130321
110889
111556
107584
114921
121104
85264
82944
76176
100489
89401
145161
168100
133956
139876
119025
139129
110224
138384
142884
127449
142884
147456
148996
142884
131769
139876
119716
145161
141376
137641
136900
138384
150544
148225
147456
162409
174724
182329
168921
148996
198025
128164
128164
119716
123904
106929
119025
121801
150544
155236
173889
164025
162409
165649
181476
163216
178084
152100
149769
112225
106276
106929
142884
135424
156816
164836
186624
170569
156025
146689
152100
129600
117649
137641
131769
135424
149769
148996
96100
358801
935089
516961
483025
412164
352836
368449
388129
348100
315844
304704
253009
274576
242064
204304
190096
168921
152881
132496
128881
92416
101124
110889
103041
107584
126736
101124
97969
75076
82369
105625
102400
105625
118336
114244
112896
123201
131044
133225
143641
147456
153664
155236
171396
187489
168100
107584
148996
117649
118336
99856
116964
126025
133956
147456
154449
148225
151321
177241
147456
151321
1292769
2172676
1552516
1545049
1322500
1155625
1134225
974169
874225
651249
659344
700569
606841
620944
514089
532900
487204
446224
393129
380689
383161
355216
336400
320356
349281
334084
338724
278784
293764
224676
254016
207936
214369
217156
225625
243049
253009
215296
199809
163216
134689
140625
146689
139129
142129
129600
123904
136161
117649
126736
119025
114244
121801
114921
105625
114244
109561
96721
91204
108241
113569
141376
144400
139129
142129
147456
116964
123201
106276
93025
101761
120409
110889
143641
148996
146689
172225
127449
133225
131044
129600
135424
129600
119025
116964
114244
103041
118336
111556
103684
103041
79524
106276
128164
112896
88804
96100
74529
74529
94864
103684
85849
103041
111556
91204
85849
101761
90000
103684
89401
103041
88209
101124
105625
99856
103041
94249
105625
127449
115600
126025
115600
119716
114921
98596
115600
133225
119716
101761
117649
107584
116964
112896
106276
122500
91809
88209
77284
76729
64009
82369
123904
131769
142129
136161
156025
142129
137641
165649
170569
150544
164025
147456
137641
128881
158404
152100
166464
184900
190969
189225
190096
208849
178084
152100
138384
126736
145924
158404
161604
173889
139129
128881
125316
109561
100489
88209
82944
81225
101124
91204
98596
107584
93636
103684
103684
129600
368449
443556
481636
270400
252004
278784
246016
236196
204304
173056
181476
192721
210681
220900
223729
263169
246016
243049
230400
173889
186624
167281
207936
195364
216225
191844
199809
215296
221841
219024
207025
189225
190096
146689
129600
139129
126025
117649
139876
158404
184041
161604
160801
166464
162409
152100
101761
174724
110889
108241
130321
107584
97969
91809
106276
117649
131769
123201
124609
125316
114921
114244
96721
2719201
1993744
2122849
1898884
1755625
1520289
1435204
1285956
1190281
1110916
970225
829921
864900
734449
707281
616225
491401
471969
417316
414736
315844
310249
304704
262144
224676
270400
254016
248004
231361
198025
201601
168921
187489
181476
212521
209764
212521
200704
176400
172225
177241
168100
160000
191844
175561
171396
179776
148996
164025
158404
184041
174724
186624
194481
171396
190969
193600
213444
221841
213444
212521
244036
238144
237169
173056
166464
145161
140625
139876
159201
173056
198916
176400
178929
149769
156816
143641
121104
128881
118336
116964
124609
133225
131044
128881
125316
128881
128164
128881
126025
93025
99225
84100
95481
116281
117649
120409
122500
126736
125316
140625
142884
123201
120409
110889
114921
134689
129600
129600
101761
80089
80089
90000
110224
114244
141376
164836
179776
154449
173056
178929
148996
145161
142129
168921
167281
177241
168100
198916
204304
199809
205209
198025
192721
228484
215296
238144
230400
302500
284089
261121
252004
247009
237169
239121
218089
139129
152100
118336
131769
134689
127449
108900
145161
139129
149769
138384
133225
125316
121104
95481
152100
155236
173889
159201
154449
161604
140625
137641
127449
142129
154449
135424
132496
133225
125316
173056
148996
133956
145924
145924
146689
149769
170569
152100
312481
426409
910116
476100
427716
396900
367236
370881
369664
257049
358801
356409
303601
334084
320356
260100
289444
258064
250000
224676
227529
189225
215296
213444
212521
190969
197136
146689
156816
126025
110224
93636
88209
90601
100489
114921
96721
96721
122500
103684
116964
105625
124609
147456
198916
160000
123201
124609
112225
123904
116964
120409
117649
121104
121801
116964
112225
84681
77284
90601
95481
1399489
2371600
2307361
1825201
1607824
1512900
1308736
1185921
1108809
994009
859329
806404
801025
720801
660969
595984
543169
471969
409600
388129
357604
301401
293764
270400
222784
262144
213444
214369
210681
175561
143641
145924
165649
182329
179776
203401
215296
178929
149769
154449
143641
162409
129600
178929
156025
190969
181476
184041
159201
153664
159201
175561
193600
173889
190969
192721
195364
210681
170569
219961
220900
210681
182329
172225
173056
168921
135424
147456
131044
158404
181476
190969
198025
209764
216225
175561
161604
152100
151321
148996
148996
141376
146689
133225
125316
121104
94864
101124
93636
90000
94249
91809
90601
82369
80656
93025
114921
116281
112896
134689
127449
116281
131044
137641
152100
132496
131044
143641
131769
180625
181476
198916
172225
184900
169744
127449
126736
131769
107584
108900
129600
133225
129600
173056
150544
161604
177241
188356
168100
186624
166464
132496
135424
116281
120409
116964
139876
148996
151321
168921
133956
143641
122500
99225
93636
93025
97344
117649
116281
130321
126736
133956
110224
106276
100489
88804
80656
78961
84681
90000
96100
103041
113569
162409
148225
146689
139876
136900
152881
155236
156816
136900
137641
130321
140625
137641
164836
158404
168921
149769
129600
126736
114244
88804
94249
82944
142884
148225
833569
817216
703921
481636
473344
432964
313600
318096
315844
300304
295936
290521
265225
280900
249001
235225
231361
222784
234256
168100
143641
98596
84681
88209
85264
96721
79524
88804
79524
97969
87025
114921
108900
105625
80656
80089
89401
120409
135424
144400
148225
149769
164025
164025
171396
279841
231361
188356
213444
212521
223729
205209
190096
190096
172225
175561
172225
161604
145924
135424
128881
109561
861184
2547216
1957201
2030625
1800964
1658944
1612900
1560001
1408969
1413721
1243225
1032256
1060900
956484
954529
848241
889249
753424
674041
675684
603729
524176
488601
423801
414736
349281
354025
322624
277729
312481
272484
275625
240100
220900
163216
172225
143641
116964
125316
118336
135424
120409
118336
110224
87025
87616
93025
88804
88209
106929
114921
119716
105625
127449
131769
119025
144400
140625
162409
160801
147456
156025
173056
173889
186624
192721
195364
166464
166464
150544
162409
160000
154449
178084
181476
176400
150544
142884
120409
92416
84681
82944
103684
101124
115600
121104
136161
143641
140625
152881
133225
142129
151321
151321
136161
121801
135424
127449
131769
134689
147456
108241
100489
110889
97969
106276
93636
75625
141376
133956
168921
152881
182329
152100
184900
178929
184041
157609
167281
167281
169744
177241
163216
187489
216225
171396
168921
168100
145924
115600
129600
160801
156025
100489
114921
123904
102400
108241
121801
119025
97344
73441
71289
70756
88209
86436
93636
108241
113569
91204
93025
80089
99225
112225
98596
105625
100489
110224
106929
119025
106276
93025
135424
123904
148225
145161
153664
142129
145924
160801
154449
129600
120409
128164
121801
144400
138384
127449
136161
141376
135424
153664
123201
121801
140625
146689
386884
779689
438244
490000
383161
361201
276676
221841
179776
167281
173889
178929
169744
203401
194481
169744
152100
155236
139129
200704
196249
218089
211600
198916
181476
171396
162409
172225
173056
128881
166464
162409
174724
156025
148996
174724
177241
160000
176400
169744
148996
145924
136161
130321
213444
275625
213444
263169
203401
234256
221841
178084
178084
152100
170569
139129
143641
134689
121801
123201
158404
1887876
2402500
1976836
1774224
1708249
1623076
1452025
1385329
1240996
1104601
1132096
1060900
988036
944784
876096
772641
806404
640000
585225
555025
478864
501264
478864
462400
412164
337561
332929
237169
203401
213444
164836
164025
145924
121801
121801
109561
102400
110889
88804
91809
91204
87616
79524
99225
102400
108241
98596
99856
88209
91809
97969
101761
105625
97344
120409
117649
127449
120409
126736
108900
123904
123904
115600
128164
139129
142129
139129
145924
155236
173056
187489
178084
175561
164836
139129
141376
152100
235225
217156
234256
249001
261121
234256
217156
190969
156025
154449
160000
164836
146689
148225
171396
152100
149769
153664
153664
143641
105625
78961
82369
63504
70756
84100
85849
93636
76729
77841
64009
69696
103684
117649
131044
138384
133956
152881
129600
114921
120409
142129
126025
137641
152100
128164
131769
136900
150544
152881
152881
156025
161604
148996
151321
96100
126736
139129
150544
168921
187489
170569
184900
120409
116281
108900
90601
95481
108241
153664
152100
176400
172225
168100
163216
145161
151321
122500
100489
103041
110889
103041
91204
99856
98596
102400
98596
96721
103041
103041
102400
121104
90601
71289
75076
75625
70225
84681
89401
116281
142884
123201
130321
119025
113569
97344
96100
106929
114244
118336
617796
850084
797449
476100
497025
409600
378225
372100
342225
336400
313600
304704
259081
222784
193600
214369
223729
200704
226576
199809
223729
178084
160000
152881
138384
165649
146689
113569
128881
133956
131769
110889
115600
103684
103041
91204
111556
108900
107584
105625
105625
101761
119716
108900
115600
142884
120409
179776
134689
128881
110889
113569
108900
103041
109561
112896
138384
147456
145924
142884
150544
119716
123904
2439844
2223081
1960000
1752976
1710864
1527696
1411344
1288225
1238769
1166400
1077444
1022121
964324
902500
857476
804609
734449
600625
586756
540225
512656
481636
466489
470596
454276
470596
379456
342225
348100
280900
321489
318096
313600
295936
308025
266256
238144
207936
191844
179776
168921
140625
124609
97344
123201
110224
103041
114244
113569
126736
131769
113569
119025
136900
100489
93025
74529
71824
82944
82369
87025
92416
89401
80089
81225
81225
75625
88209
108241
92416
88804
87025
122500
99225
100489
86436
110224
107584
115600
137641
139876
136161
129600
124609
121104
84681
106929
99225
111556
140625
150544
198916
182329
177241
150544
153664
159201
137641
152881
99856
106929
112896
103684
119716
110224
121801
110889
149769
159201
148225
152881
133225
103684
114244
172225
160000
156816
160801
130321
131044
106276
130321
118336
101124
112225
100489
112896
135424
140625
138384
138384
138384
142884
139129
152881
138384
130321
99225
96100
93636
77841
77284
96100
91204
97344
82369
80089
102400
111556
119716
116964
106276
86436
75076
106276
106276
113569
117649
128881
166464
150544
157609
165649
164025
184041
150544
165649
140625
130321
136900
131044
147456
151321
151321
136161
97969
101124
99856
96721
85264
82944
84681
73441
83521
88209
315844
801025
546121
442225
344569
266256
233289
265225
207025
168100
162409
157609
141376
131769
112896
106276
92416
72900
76176
87025
84681
102400
97344
101124
86436
90601
103041
112896
141376
163216
137641
151321
126025
135424
108900
143641
131044
129600
128164
112896
145924
140625
132496
138384
132496
232324
138384
190969
153664
160000
133225
112896
136161
139876
178084
182329
205209
203401
163216
164836
159201
1183744
2050624
1948816
1520289
1301881
1159929
1210000
1024144
921600
876096
799236
736164
702244
743044
708964
656100
627264
543169
512656
461041
456976
444889
459684
458329
435600
430336
423801
341056
372100
288369
279841
304704
290521
294849
269361
249001
223729
209764
225625
212521
218089
194481
180625
168921
156816
139129
129600
145161
142884
139129
137641
142129
108241
89401
87025
76729
87616
84100
91809
113569
96100
111556
123201
118336
121104
154449
139876
143641
130321
140625
130321
126025
127449
120409
126025
141376
166464
145161
153664
126025
140625
126736
113569
84681
97344
103041
126025
136161
128881
151321
154449
151321
133956
119025
164025
145161
145161
141376
155236
157609
136161
126025
137641
139129
137641
158404
139129
136900
117649
99856
108241
91204
82369
94249
91204
110224
142884
133956
143641
131044
133225
121801
121801
110224
110889
110224
90000
85849
91809
85264
103041
96721
131044
116964
113569
100489
81796
106929
101761
128164
123904
108900
125316
127449
127449
136161
90601
101761
103041
108241
94864
93636
70756
73441
94249
111556
106276
108241
113569
97969
102400
147456
131769
152881
146689
158404
141376
160801
140625
145161
138384
119716
137641
148225
162409
153664
178084
165649
142129
155236
131044
124609
126025
133225
196249
193600
213444
221841
370881
395641
280900
172225
162409
142129
136900
142884
141376
117649
130321
145924
145161
164025
189225
188356
186624
188356
145924
135424
115600
93025
108900
140625
153664
158404
187489
156025
139876
135424
119716
130321
136161
114244
120409
136161
136161
133225
137641
116281
116281
98596
111556
115600
148225
123201
119716
76729
85849
77841
81796
77841
95481
85849
90000
97344
82944
88804
84681
88804
71824
84681
2350089
2365444
1954404
1901641
1684804
1535121
1399489
1245456
1075369
948676
806404
786769
743044
662596
638401
577600
492804
519841
394384
351649
378225
338724
362404
342225
300304
266256
257049
230400
223729
233289
216225
225625
258064
237169
255025
215296
179776
190096
224676
196249
207025
190969
178084
191844
206116
219961
230400
267289
259081
242064
192721
154449
169744
164025
170569
155236
184041
178929
182329
176400
169744
151321
148225
122500
119716
133956
134689
102400
119025
116281
128164
140625
127449
135424
145924
146689
128881
117649
111556
108900
124609
117649
108241
117649
113569
125316
152100
128881
130321
128881
102400
97344
87616
80089
97344
96100
106276
110889
114244
136900
112896
139129
144400
153664
173056
154449
142884
116964
103684
97969
116281
143641
137641
148225
129600
145161
111556
110889
120409
116964
116281
71824
98596
82369
89401
99856
78961
87616
89401
80089
75625
106929
119025
148225
143641
141376
135424
113569
123904
149769
163216
168921
173889
187489
152881
129600
123904
113569
103684
91204
114244
141376
141376
145924
148225
183184
162409
187489
168100
143641
128164
132496
119025
108900
102400
101761
102400
112896
107584
115600
110889
112896
108241
93025
131769
128164
128164
126736
126025
131769
131044
178084
167281
168100
162409
235225
613089
1092025
744769
660969
654481
592900
568516
553536
474721
509796
459684
401956
380689
354025
284089
254016
227529
178084
217156
236196
217156
218089
188356
187489
149769
148225
131769
114921
91204
77841
71289
67600
65025
68644
65025
65536
71824
82944
88209
112225
114921
125316
108900
171396
88209
126736
92416
91204
84681
98596
93636
96721
94864
112225
99225
110224
110889
111556
123201
124609
202500
2085136
1923769
1669264
1515361
1361889
1308736
1046529
891136
889249
762129
748225
674041
625681
589824
473344
454276
388129
277729
279841
273529
264196
263169
246016
219961
252004
251001
234256
222784
185761
205209
200704
212521
242064
224676
239121
220900
205209
191844
155236
134689
181476
157609
210681
193600
241081
201601
201601
174724
183184
158404
168100
158404
166464
161604
154449
128881
140625
124609
132496
123904
137641
136900
130321
119716
141376
117649
106929
132496
141376
140625
154449
145161
148996
145161
113569
111556
91809
77841
93025
99225
111556
112225
116281
136900
133225
156025
149769
129600
121104
133956
118336
106929
122500
109561
90601
94864
107584
110224
112896
96100
139129
109561
110224
106276
101124
116964
119716
123201
175561
152100
181476
168921
164836
126736
121801
124609
119025
127449
145161
148225
179776
132496
160801
146689
163216
165649
164836
146689
134689
142884
111556
113569
108900
135424
128164
138384
133225
126025
131769
119025
116964
110224
113569
111556
97344
95481
72361
79524
107584
93636
103041
115600
133225
119716
121104
105625
116964
123904
133956
125316
178084
175561
187489
170569
171396
173056
185761
192721
234256
192721
171396
172225
164025
163216
179776
174724
158404
161604
152881
124609
120409
94864
91204
128164
157609
130321
142884
725904
454276
695556
315844
352836
277729
248004
221841
208849
192721
173056
195364
184900
176400
143641
126025
102400
108900
72900
75625
85264
86436
90601
84100
99856
76729
93025
91809
103041
137641
117649
141376
130321
114244
108900
109561
116281
106276
115600
129600
128164
132496
125316
126025
139876
248004
207936
222784
121801
119025
106276
106276
106929
126736
118336
124609
140625
162409
148225
162409
131044
114244
1089936
2951524
2128681
2223081
1968409
1806336
1535121
1638400
1413721
1329409
1281424
1108809
1002001
902500
866761
719104
700569
644809
600625
592900
558009
509796
456976
386884
304704
285156
248004
246016
219961
242064
236196
196249
185761
133956
146689
119716
122500
128164
108900
107584
106276
112896
125316
119716
122500
106929
72900
110224
118336
129600
146689
152100
152100
152100
144400
133956
134689
124609
147456
167281
168921
195364
206116
190969
181476
168100
158404
167281
170569
164836
176400
171396
149769
165649
168100
162409
158404
134689
168100
142884
126736
112896
88209
96721
118336
109561
90601
107584
103041
145924
116964
105625
178084
133225
128164
128881
120409
154449
130321
129600
107584
93636
101761
118336
114921
128881
123201
160801
149769
128164
125316
116964
109561
102400
160801
136161
188356
203401
191844
164025
136161
133956
150544
166464
160801
152881
179776
168921
147456
137641
201601
207025
172225
147456
123201
110889
95481
122500
97344
100489
113569
118336
116281
123904
130321
94864
71289
71289
67081
67600
67600
68644
78961
75625
76729
101761
107584
109561
96721
110889
131044
142884
154449
133956
148996
128164
107584
105625
106276
93636
96100
103041
126736
136900
175561
157609
134689
126025
133956
139876
145161
131769
149769
148225
158404
139129
195364
707281
385641
327184
361201
356409
346921
338724
329476
272484
273529
237169
190096
241081
234256
269361
244036
252004
237169
268324
225625
211600
234256
201601
246016
239121
240100
252004
215296
224676
207936
203401
219961
198916
163216
168921
172225
159201
172225
187489
198916
194481
181476
156025
201601
240100
113569
134689
110889
106276
136900
119025
131044
126736
112225
112225
108900
108241
96100
100489
102400
2076481
2208196
1758276
1790244
1535121
1515361
1440000
1387684
1188100
1212201
1079521
1044484
910116
804609
756900
770884
680625
614656
568516
528529
470596
456976
379456
386884
321489
302500
280900
271441
222784
229441
182329
212521
180625
184041
151321
96100
99856
87025
77284
85264
124609
145161
121801
103684
94249
77841
100489
110889
103041
126025
121104
131044
118336
118336
115600
119025
119025
122500
120409
103041
119025
112896
123904
124609
156025
158404
161604
148996
152881
116964
112896
121104
139876
160801
133225
142884
152881
170569
149769
134689
142129
136900
126736
155236
136900
190096
170569
168100
156025
162409
170569
190969
176400
131044
123201
128164
115600
119025
119025
126736
131044
110889
103041
99225
89401
99856
100489
106276
123904
100489
111556
131044
112225
128881
139876
168100
174724
188356
173056
170569
156816
155236
162409
119025
107584
116964
117649
106929
107584
132496
144400
118336
101761
104329
108241
100489
93636
91809
112225
129600
121801
117649
132496
124609
122500
155236
165649
159201
161604
157609
148225
139129
123904
106276
90601
83521
106276
130321
131044
134689
138384
115600
127449
117649
117649
121801
128881
128881
143641
139129
135424
136161
124609
128881
128881
103041
96721
91204
69696
79524
84681
94864
94864
98596
97969
87616
82369
600625
719104
743044
316969
331776
326041
355216
323761
329476
316969
261121
293764
272484
232324
225625
200704
174724
163216
163216
148225
132496
157609
132496
118336
131769
144400
136161
138384
130321
106276
92416
84681
76176
85849
87025
106276
125316
114244
114921
108241
99225
103684
103684
93025
90000
178929
177241
205209
126736
139129
148996
170569
188356
192721
185761
195364
158404
161604
166464
154449
152881
145924
166464
2592100
2241009
1999396
1737124
1806336
1739761
1547536
1401856
1361889
1172889
1056784
1085764
976144
917764
950625
815409
724201
680625
640000
605284
549081
477481
466489
404496
357604
337561
366025
355216
398161
351649
369664
298116
266256
234256
210681
215296
192721
184041
182329
169744
168921
149769
133956
97344
90601
101761
105625
116281
107584
